"Code","SampleDate","Flow"
"AL",2022-02-09,"2.56"
"AL",2022-02-14,"2.52"
"AL",2022-02-16,"2.69"
"AL",2022-02-22,"2.59"
"AL",2022-02-23,"3.48"
"AL",2022-02-28,"2.36"
"AL",2022-03-02,"3.29"
"AL",2022-03-07,"2.05"
"AL",2022-03-09,"2.39"
"AL",2022-03-14,"1.94"
"AL",2022-03-16,"1.63"
"AL",2022-03-21,"1.89"
"AL",2022-03-23,"2.86"
"AL",2022-03-28,"2.01"
"AL",2022-03-30,"2.56"
"AL",2022-04-03,"2.23"
"AL",2022-04-06,"2.66"
"AL",2022-04-11,"2.16"
"AL",2022-04-13,"3.02"
"AL",2022-04-18,"2.63"
"AL",2022-04-20,"2.9"
"AL",2022-04-25,"3.86"
"AL",2022-04-28,"3.98"
"AL",2022-05-02,"7.35"
"AL",2022-05-04,"5.8"
"AL",2022-05-09,"4.24"
"AL",2022-05-11,"4.26"
"AL",2022-05-16,"3.29"
"AL",2022-05-18,"3.81"
"AL",2022-05-23,"3.38"
"AL",2022-05-25,"3.71"
"AL",2022-05-31,"3.09"
"AL",2022-06-01,"3.6"
"AL",2022-06-06,"3.23"
"AL",2022-06-08,"3.55"
"AL",2022-06-13,"2.67"
"AL",2022-06-15,"3.57"
"AL",2022-06-20,"3.47"
"AL",2022-06-27,"2.53"
"AL",2022-06-29,"3.48"
"AL",2022-07-05,"2.36"
"AL",2022-07-06,"4.82"
"AL",2022-07-11,"3.4"
"AL",2022-07-13,"3.69"
"AL",2022-07-18,"3.14"
"AL",2022-07-20,"3.47"
"AL",2022-07-25,"2.16"
"AL",2022-07-27,"4.24"
"AL",2022-08-01,"3.6"
"AL",2022-08-03,"3.16"
"AL",2022-08-08,"2.08"
"AL",2022-08-10,"2.68"
"AL",2022-08-15,"1.98"
"AL",2022-08-17,"2.55"
"AL",2022-08-22,"1.93"
"AL",2022-08-24,"2.31"
"AL",2022-08-29,"3.18"
"AL",2022-08-31,"2.82"
"AL",2022-09-07,"2.14"
"AL",2022-09-12,"2.06"
"AL",2022-09-14,"2.42"
"AL",2022-09-19,"1.86"
"AL",2022-09-21,"2.1"
"AL",2022-09-26,"2.05"
"AL",2022-09-28,"2.43"
"AL",2022-10-03,"1.88"
"AL",2022-10-05,"2.15"
"AL",2022-10-10,"1.74"
"AL",2022-10-12,"2.03"
"AL",2022-10-17,"1.67"
"AL",2022-10-19,"2.04"
"AL",2022-10-24,"1.78"
"AL",2022-10-26,"2.22"
"AX",2022-02-09,"3.038"
"AX",2022-02-16,"2.968"
"AX",2022-02-23,"2.927"
"AX",2022-02-28,"3.151"
"AX",2022-03-02,"3.04"
"AX",2022-03-07,"3.105"
"AX",2022-03-09,"3.003"
"AX",2022-03-14,"3.192"
"AX",2022-03-16,"3.066"
"AX",2022-03-23,"4.408"
"AX",2022-03-28,"3.57"
"AX",2022-03-30,"3.455"
"AX",2022-04-04,"3.534"
"AX",2022-04-06,"4.559"
"AX",2022-04-11,"4.017"
"AX",2022-04-13,"4.039"
"AX",2022-04-18,"3.96"
"AX",2022-04-20,"4.06"
"AX",2022-04-25,"4.188"
"AX",2022-04-28,"1.076"
"AX",2022-05-02,"4.794"
"AX",2022-05-04,"4.41"
"AX",2022-05-09,"4.756"
"AX",2022-05-11,"4.604"
"AX",2022-05-16,"5.708"
"AX",2022-05-18,"5.202"
"AX",2022-05-23,"4.862"
"AX",2022-05-25,"4.65"
"AX",2022-06-01,"6.023"
"AX",2022-06-08,"4.12"
"AX",2022-06-13,"4.255"
"AX",2022-06-20,"3.913"
"AX",2022-06-22,"3.844"
"AX",2022-06-27,"3.877"
"AX",2022-06-29,"3.928"
"AX",2022-07-06,"4.082"
"AX",2022-07-11,"3.569"
"AX",2022-07-13,"3.791"
"AX",2022-07-18,"1.086"
"AX",2022-07-20,"3.745"
"AX",2022-07-25,"3.775"
"AX",2022-07-27,"3.946"
"AX",2022-08-01,"3.641"
"AX",2022-08-03,"3.677"
"AX",2022-08-08,"3.609"
"AX",2022-08-17,"3.502"
"AX",2022-08-22,"3.726"
"AX",2022-08-24,"3.517"
"AX",2022-08-29,"3.442"
"AX",2022-08-31,"3.388"
"AX",2022-09-07,"3.325"
"AX",2022-09-12,"3.389"
"AX",2022-09-14,"3.341"
"AX",2022-09-19,"3.263"
"AX",2022-09-21,"3.128"
"AX",2022-09-26,"3.143"
"AX",2022-09-28,"2.867"
"AX",2022-10-03,"3.159"
"AX",2022-10-05,"3.104"
"AX",2022-10-10,"3.119"
"AX",2022-10-12,"3.135"
"AX",2022-10-17,"3.097"
"AX",2022-10-19,"3.188"
"AX",2022-10-24,"2.946"
"AX",2022-10-26,"2.642"
"BI",2022-02-14,"0.868"
"BI",2022-02-22,"0.898"
"BI",2022-03-01,"0.945"
"BI",2022-03-07,"0.864"
"BI",2022-03-16,"0.992"
"BI",2022-03-21,"0.932"
"BI",2022-03-28,"0.907"
"BI",2022-04-04,"0.874"
"BI",2022-04-11,"0.882"
"BI",2022-04-18,"0.84"
"BI",2022-04-25,"1.043"
"BI",2022-05-02,"1.074"
"BI",2022-05-10,"1.166"
"BI",2022-05-17,"1.118"
"BI",2022-05-31,"1.036"
"BI",2022-06-06,"0.927"
"BI",2022-06-13,"0.91"
"BI",2022-06-29,"1.037"
"BI",2022-07-06,"1.057"
"BI",2022-07-14,"0.977"
"BI",2022-07-18,"0.954"
"BI",2022-07-26,"1.009"
"BI",2022-08-02,"0.92"
"BI",2022-08-17,"0.99"
"BI",2022-08-22,"0.951"
"BI",2022-09-01,"0.992"
"BI",2022-09-08,"1.022"
"BI",2022-09-22,"0.958"
"BI",2022-10-06,"0.954"
"BL",2022-02-08,"23.37"
"BL",2022-02-10,"23.27"
"BL",2022-02-15,"23.4"
"BL",2022-02-17,"23.13"
"BL",2022-02-22,"22.78"
"BL",2022-02-24,"22.54"
"BL",2022-03-01,"23.46"
"BL",2022-03-03,"23.12"
"BL",2022-03-08,"23.31"
"BL",2022-03-10,"23.26"
"BL",2022-03-15,"25.15"
"BL",2022-03-17,"27.07"
"BL",2022-03-22,"27.71"
"BL",2022-03-24,"25.84"
"BL",2022-03-29,"23.55"
"BL",2022-03-31,"24.12"
"BL",2022-04-05,"25.62"
"BL",2022-04-07,"25.68"
"BL",2022-04-12,"25.68"
"BL",2022-04-14,"27.24"
"BL",2022-04-19,"25.78"
"BL",2022-04-21,"26.89"
"BL",2022-04-26,"26.82"
"BL",2022-04-28,"26.39"
"BL",2022-05-05,"27.39"
"BL",2022-05-10,"26.84"
"BL",2022-05-12,"33.76"
"BL",2022-05-17,"27.88"
"BL",2022-05-19,"27.27"
"BL",2022-05-24,"26.33"
"BL",2022-05-26,"26.87"
"BL",2022-05-31,"27.22"
"BL",2022-06-01,"26.68"
"BL",2022-06-02,"26.68"
"BL",2022-06-02,"26.67"
"BL",2022-06-03,"25.84"
"BL",2022-06-04,"25.15"
"BL",2022-06-05,"25.27"
"BL",2022-06-06,"26.48"
"BL",2022-06-07,"25.68"
"BL",2022-06-07,"25.65"
"BL",2022-06-08,"25.86"
"BL",2022-06-09,"25.87"
"BL",2022-06-09,"25.88"
"BL",2022-06-10,"25.33"
"BL",2022-06-11,"24.84"
"BL",2022-06-12,"24.76"
"BL",2022-06-13,"25.8"
"BL",2022-06-14,"25.88"
"BL",2022-06-14,"25.88"
"BL",2022-06-15,"25.32"
"BL",2022-06-16,"25.14"
"BL",2022-06-16,"25.14"
"BL",2022-06-17,"24.81"
"BL",2022-06-18,"23.83"
"BL",2022-06-19,"24.18"
"BL",2022-06-20,"25.98"
"BL",2022-06-21,"25.69"
"BL",2022-06-22,"24.89"
"BL",2022-06-23,"24.9"
"BL",2022-06-24,"24.99"
"BL",2022-06-25,"24.57"
"BL",2022-06-26,"23.69"
"BL",2022-06-27,"24.73"
"BL",2022-06-28,"24.34"
"BL",2022-06-29,"24.8"
"BL",2022-06-30,"25.22"
"BL",2022-07-01,"24.55"
"BL",2022-07-02,"22.29"
"BL",2022-07-03,"21.51"
"BL",2022-07-04,"22.8"
"BL",2022-07-05,"24.69"
"BL",2022-07-06,"24.5"
"BL",2022-07-07,"24.6"
"BL",2022-07-08,"25.33"
"BL",2022-07-09,"23.87"
"BL",2022-07-10,"23.69"
"BL",2022-07-11,"24.93"
"BL",2022-07-12,"24.39"
"BL",2022-07-13,"24.37"
"BL",2022-07-14,"25"
"BL",2022-07-15,"24.44"
"BL",2022-07-16,"23.37"
"BL",2022-07-17,"23.52"
"BL",2022-07-18,"24.89"
"BL",2022-07-19,"24.71"
"BL",2022-07-20,"24.3"
"BL",2022-07-21,"24.14"
"BL",2022-07-22,"23.97"
"BL",2022-07-23,"23.42"
"BL",2022-07-24,"22.68"
"BL",2022-07-25,"23.89"
"BL",2022-07-26,"23.72"
"BL",2022-07-27,"24.05"
"BL",2022-07-28,"23.7"
"BL",2022-07-29,"23.19"
"BL",2022-07-30,"22.69"
"BL",2022-07-31,"22.99"
"BL",2022-08-01,"24.12"
"BL",2022-08-02,"24.24"
"BL",2022-08-03,"24.25"
"BL",2022-08-04,"23.47"
"BL",2022-08-05,"23.41"
"BL",2022-08-06,"24.26"
"BL",2022-08-07,"23.23"
"BL",2022-08-08,"25.93"
"BL",2022-08-09,"24.23"
"BL",2022-08-10,"24.27"
"BL",2022-08-11,"23.75"
"BL",2022-08-12,"24.46"
"BL",2022-08-13,"23.41"
"BL",2022-08-14,"23.11"
"BL",2022-08-15,"24.46"
"BL",2022-08-16,"24.16"
"BL",2022-08-17,"24.04"
"BL",2022-08-18,"24.28"
"BL",2022-08-19,"24.59"
"BL",2022-08-20,"23.36"
"BL",2022-08-21,"23.09"
"BL",2022-08-22,"24.32"
"BL",2022-08-23,"23.72"
"BL",2022-08-24,"23.96"
"BL",2022-08-25,"23.67"
"BL",2022-08-26,"23.48"
"BL",2022-08-27,"22.92"
"BL",2022-08-28,"24.17"
"BL",2022-08-29,"25"
"BL",2022-08-30,"23.97"
"BL",2022-08-31,"23.9"
"BL",2022-09-01,"24.07"
"BL",2022-09-02,"23.81"
"BL",2022-09-03,"21.9"
"BL",2022-09-04,"21.11"
"BL",2022-09-05,"22.72"
"BL",2022-09-06,"24.25"
"BL",2022-09-07,"23.93"
"BL",2022-09-08,"23.92"
"BL",2022-09-09,"22.99"
"BL",2022-09-10,"22.25"
"BL",2022-09-11,"22.98"
"BL",2022-09-12,"23.59"
"BL",2022-09-13,"22.94"
"BL",2022-09-14,"23.05"
"BL",2022-09-15,"23.23"
"BL",2022-09-16,"22.98"
"BL",2022-09-17,"22.32"
"BL",2022-09-18,"22.37"
"BL",2022-09-19,"23"
"BL",2022-09-20,"23.34"
"BL",2022-09-21,"23.07"
"BL",2022-09-22,"22.51"
"BL",2022-09-23,"22.58"
"BL",2022-09-24,"22.1"
"BL",2022-09-25,"22.65"
"BL",2022-09-26,"23.23"
"BL",2022-09-27,"22.57"
"BL",2022-09-28,"22.63"
"BL",2022-09-29,"22.62"
"BL",2022-09-30,"22.46"
"BL",2022-10-01,"21.68"
"BL",2022-10-02,"22.02"
"BL",2022-10-03,"23.03"
"BL",2022-10-04,"22.54"
"BL",2022-10-05,"22.67"
"BL",2022-10-06,"22.48"
"BL",2022-10-07,"22.27"
"BL",2022-10-08,"21.72"
"BL",2022-10-09,"22.35"
"BL",2022-10-10,"22.96"
"BL",2022-10-11,"22.37"
"BL",2022-10-12,"23.46"
"BL",2022-10-13,"22.36"
"BL",2022-10-14,"22.11"
"BL",2022-10-15,"21.67"
"BL",2022-10-16,"21.91"
"BL",2022-10-17,"22.69"
"BL",2022-10-18,"22.08"
"BL",2022-10-19,"22.12"
"BL",2022-10-20,"21.62"
"BL",2022-10-21,"21.23"
"BL",2022-10-22,"20.75"
"BL",2022-10-23,"21.37"
"BL",2022-10-24,"22.51"
"BL",2022-10-25,"22.03"
"BL",2022-10-26,"22.07"
"BL",2022-10-27,"22.12"
"BL",2022-10-28,"22.1"
"BL",2022-10-29,"21.78"
"BL",2022-10-30,"22.02"
"BL",2022-10-31,"22.26"
"BL",2022-11-01,"21.85"
"BL",2022-11-02,"22.08"
"BL",2022-11-03,"21.91"
"BL",2022-11-04,"22.18"
"BL",2022-11-05,"21.44"
"BL",2022-11-06,"22.96"
"BL",2022-11-07,"22.45"
"BL",2022-11-08,"22"
"BL",2022-11-09,"22.6"
"BL",2022-11-10,"22.45"
"BL",2022-11-11,"22.44"
"BL",2022-11-12,"21.85"
"BL",2022-11-13,"22.06"
"BP",2022-02-10,"0.323"
"BP",2022-02-17,"0.323"
"BP",2022-03-03,"0.275"
"BP",2022-03-10,"0.281"
"BP",2022-03-17,"0.302"
"BP",2022-03-24,"0.304"
"BP",2022-03-31,"0.288"
"BP",2022-04-07,"0.291"
"BP",2022-04-14,"0.356"
"BP",2022-04-28,"0.38"
"BP",2022-05-05,"0.535"
"BP",2022-05-12,"0.42"
"BP",2022-05-19,"0.414"
"BP",2022-05-26,"0.488"
"BP",2022-06-02,"0.39"
"BP",2022-06-09,"0.378"
"BP",2022-06-23,"0.375"
"BP",2022-07-07,"0.312"
"BP",2022-07-14,"0.301"
"BP",2022-07-21,"0.303"
"BP",2022-08-25,"0.362"
"BP",2022-09-01,"0.378"
"BP",2022-09-15,"0.372"
"BP",2022-09-29,"0.313"
"CB",2022-02-08,"0.689"
"CB",2022-02-09,"0.691"
"CB",2022-02-15,"0.729"
"CB",2022-02-16,"0.673"
"CB",2022-02-22,"0.7"
"CB",2022-02-23,"0.712"
"CB",2022-03-01,"0.678"
"CB",2022-03-02,"0.748"
"CB",2022-03-08,"0.726"
"CB",2022-03-09,"0.715"
"CB",2022-03-15,"0.6"
"CB",2022-03-16,"0.776"
"CB",2022-03-22,"0.755"
"CB",2022-03-23,"0.714"
"CB",2022-03-29,"0.674"
"CB",2022-03-30,"0.565"
"CB",2022-04-05,"0.767"
"CB",2022-04-06,"0.794"
"CB",2022-04-12,"0.685"
"CB",2022-04-13,"0.777"
"CB",2022-04-19,"0.755"
"CB",2022-04-20,"0.705"
"CB",2022-04-26,"0.746"
"CB",2022-04-27,"0.722"
"CB",2022-05-03,"0.838"
"CB",2022-05-04,"0.749"
"CB",2022-05-10,"0.589"
"CB",2022-05-11,"0.629"
"CB",2022-05-18,"0.543"
"CB",2022-05-24,"0.665"
"CB",2022-05-31,"0.615"
"CB",2022-06-01,"0.734"
"CB",2022-06-07,"0.75"
"CB",2022-06-08,"0.699"
"CB",2022-06-21,"0.645"
"CB",2022-06-22,"0.658"
"CB",2022-06-28,"0.631"
"CB",2022-06-29,"0.564"
"CB",2022-07-05,"0.656"
"CB",2022-07-06,"0.724"
"CB",2022-07-12,"0.691"
"CB",2022-07-13,"0.692"
"CB",2022-07-19,"0.647"
"CB",2022-07-20,"0.659"
"CB",2022-07-26,"0.717"
"CB",2022-08-02,"0.622"
"CB",2022-08-03,"0.677"
"CB",2022-08-09,"0.756"
"CB",2022-08-10,"0.725"
"CB",2022-08-16,"0.725"
"CB",2022-08-17,"0.718"
"CB",2022-08-23,"0.56"
"CB",2022-08-24,"0.682"
"CB",2022-08-30,"0.699"
"CB",2022-08-31,"0.559"
"CB",2022-09-06,"0.627"
"CB",2022-09-07,"0.714"
"CB",2022-09-13,"0.646"
"CB",2022-09-14,"0.568"
"CB",2022-09-20,"0.73"
"CB",2022-09-21,"0.57"
"CB",2022-09-27,"0.705"
"CB",2022-09-28,"0.673"
"CB",2022-10-04,"0.568"
"CB",2022-10-05,"0.568"
"CB",2022-10-11,"0.699"
"CB",2022-10-12,"0.714"
"CB",2022-10-18,"0.575"
"CB",2022-10-19,"0.555"
"CB",2022-10-25,"0.703"
"CB",2022-10-26,"0.619"
"CM",2022-02-14,"0.295"
"CM",2022-02-28,"0.417"
"CM",2022-03-07,"0.4589"
"CM",2022-03-14,"0.449"
"CM",2022-03-21,"0.9046"
"CM",2022-03-28,"0.6135"
"CM",2022-04-04,"1.127"
"CM",2022-04-11,"1.139"
"CM",2022-04-18,"1.221"
"CM",2022-04-25,"1.1808"
"CM",2022-05-02,"1.8718"
"CM",2022-05-09,"1.788"
"CM",2022-05-16,"1.859"
"CM",2022-05-23,"1.2964"
"CM",2022-06-06,"0.187"
"CM",2022-06-13,"0.187"
"CM",2022-06-20,"0.989"
"CM",2022-06-27,"1.242"
"CM",2022-07-05,"1.0336"
"CM",2022-07-11,"0.903"
"CM",2022-07-18,"0.789"
"CM",2022-08-01,"1.404"
"CM",2022-08-08,"1.2451"
"CM",2022-08-22,"0.956"
"CM",2022-08-29,"0.994"
"CM",2022-09-06,"0.892"
"CM",2022-09-12,"0.807"
"CM",2022-09-19,"0.932"
"CM",2022-09-26,"0.907"
"CR",2022-02-08,"0.85"
"CR",2022-02-10,"0.86"
"CR",2022-02-15,"0.83"
"CR",2022-02-22,"0.85"
"CR",2022-02-24,"0.86"
"CR",2022-03-01,"0.85"
"CR",2022-03-03,"0.84"
"CR",2022-03-08,"0.65"
"CR",2022-03-10,"0.85"
"CR",2022-03-15,"0.87"
"CR",2022-03-17,"0.96"
"CR",2022-03-22,"1.03"
"CR",2022-03-24,"0.94"
"CR",2022-03-29,"0.91"
"CR",2022-03-31,"0.89"
"CR",2022-04-05,"0.98"
"CR",2022-04-07,"1.02"
"CR",2022-04-12,"0.95"
"CR",2022-04-14,"1"
"CR",2022-04-19,"0.95"
"CR",2022-04-21,"0.98"
"CR",2022-04-26,"1.01"
"CR",2022-04-28,"1"
"CR",2022-05-03,"1.07"
"CR",2022-05-05,"1.02"
"CR",2022-05-10,"1.03"
"CR",2022-05-12,"1.42"
"CR",2022-05-17,"1.01"
"CR",2022-05-19,"1"
"CR",2022-05-24,"0.95"
"CR",2022-06-01,"0.94"
"CR",2022-06-02,"0.95"
"CR",2022-06-03,"0.92"
"CR",2022-06-04,"0.93"
"CR",2022-06-05,"0.94"
"CR",2022-06-06,"0.96"
"CR",2022-06-07,"0.95"
"CR",2022-06-07,"0.95"
"CR",2022-06-08,"0.95"
"CR",2022-06-08,"0.95"
"CR",2022-06-09,"0.91"
"CR",2022-06-10,"0.89"
"CR",2022-06-11,"0.86"
"CR",2022-06-12,"0.9"
"CR",2022-06-13,"0.93"
"CR",2022-06-14,"1.04"
"CR",2022-06-14,"1.04"
"CR",2022-06-15,"1.02"
"CR",2022-06-15,"1.02"
"CR",2022-06-16,"0.98"
"CR",2022-06-17,"0.96"
"CR",2022-06-18,"0.92"
"CR",2022-06-19,"0.94"
"CR",2022-06-20,"1.01"
"CR",2022-06-21,"1"
"CR",2022-06-22,"0.95"
"CR",2022-06-23,"0.96"
"CR",2022-06-24,"0.97"
"CR",2022-06-25,"0.89"
"CR",2022-06-26,"0.91"
"CR",2022-06-27,"0.95"
"CR",2022-06-28,"0.98"
"CR",2022-06-29,"0.95"
"CR",2022-06-30,"0.97"
"CR",2022-07-01,"0.92"
"CR",2022-07-02,"0.84"
"CR",2022-07-03,"0.81"
"CR",2022-07-04,"0.89"
"CR",2022-07-05,"0.95"
"CR",2022-07-06,"0.96"
"CR",2022-07-07,"0.95"
"CR",2022-07-08,"0.95"
"CR",2022-07-09,"0.92"
"CR",2022-07-10,"0.94"
"CR",2022-07-11,"0.97"
"CR",2022-07-12,"0.95"
"CR",2022-07-13,"0.97"
"CR",2022-07-14,"0.99"
"CR",2022-07-15,"0.97"
"CR",2022-07-16,"0.92"
"CR",2022-07-17,"0.9"
"CR",2022-07-18,"0.96"
"CR",2022-07-19,"0.94"
"CR",2022-07-20,"0.95"
"CR",2022-07-21,"0.96"
"CR",2022-07-22,"0.94"
"CR",2022-07-23,"0.88"
"CR",2022-07-24,"0.92"
"CR",2022-07-25,"0.95"
"CR",2022-07-26,"0.99"
"CR",2022-07-27,"0.96"
"CR",2022-07-28,"0.96"
"CR",2022-07-29,"0.95"
"CR",2022-07-30,"0.9"
"CR",2022-07-31,"0.92"
"CR",2022-08-01,"0.95"
"CR",2022-08-02,"0.95"
"CR",2022-08-03,"1"
"CR",2022-08-04,"0.96"
"CR",2022-08-05,"0.96"
"CR",2022-08-06,"0.92"
"CR",2022-08-07,"0.99"
"CR",2022-08-08,"1.03"
"CR",2022-08-09,"1.02"
"CR",2022-08-10,"0.98"
"CR",2022-08-11,"0.99"
"CR",2022-08-12,"1.03"
"CR",2022-08-13,"0.92"
"CR",2022-08-14,"0.96"
"CR",2022-08-15,"1.01"
"CR",2022-08-16,"0.99"
"CR",2022-08-17,"1.06"
"CR",2022-08-18,"1.1200000000000001"
"CR",2022-08-19,"1.0900000000000001"
"CR",2022-08-20,"0.98"
"CR",2022-08-21,"0.98"
"CR",2022-08-22,"1.02"
"CR",2022-08-23,"1.01"
"CR",2022-08-24,"1"
"CR",2022-08-25,"1.04"
"CR",2022-08-26,"1.06"
"CR",2022-08-27,"1.01"
"CR",2022-08-28,"1.01"
"CR",2022-08-29,"1.02"
"CR",2022-08-30,"1.03"
"CR",2022-08-31,"1.03"
"CR",2022-09-01,"1.01"
"CR",2022-09-02,"0.99"
"CR",2022-09-03,"0.9"
"CR",2022-09-04,"0.88"
"CR",2022-09-05,"0.99"
"CR",2022-09-06,"1.01"
"CR",2022-09-07,"1.01"
"CR",2022-09-08,"1.02"
"CR",2022-09-09,"0.99"
"CR",2022-09-10,"0.96"
"CR",2022-09-11,"0.99"
"CR",2022-09-12,"1.02"
"CR",2022-09-13,"1.04"
"CR",2022-09-14,"1.03"
"CR",2022-09-15,"1.01"
"CR",2022-09-16,"0.98"
"CR",2022-09-17,"0.96"
"CR",2022-09-18,"0.99"
"CR",2022-09-19,"1.02"
"CR",2022-09-20,"1.03"
"CR",2022-09-21,"0.99"
"CR",2022-09-22,"1.01"
"CR",2022-09-23,"0.98"
"CR",2022-09-24,"0.95"
"CR",2022-09-25,"0.96"
"CR",2022-09-26,"1.01"
"CR",2022-09-27,"0.97"
"CR",2022-09-28,"1.01"
"CR",2022-09-29,"1"
"CR",2022-09-30,"0.97"
"CR",2022-10-01,"0.92"
"CR",2022-10-02,"0.96"
"CR",2022-10-03,"0.97"
"CR",2022-10-04,"0.99"
"CR",2022-10-05,"0.97"
"CR",2022-10-06,"0.98"
"CR",2022-10-07,"0.95"
"CR",2022-10-08,"0.91"
"CR",2022-10-09,"0.94"
"CR",2022-10-10,"0.98"
"CR",2022-10-11,"0.96"
"CR",2022-10-12,"0.97"
"CR",2022-10-13,"0.96"
"CR",2022-10-14,"0.96"
"CR",2022-10-15,"0.9"
"CR",2022-10-16,"0.93"
"CR",2022-10-17,"0.94"
"CR",2022-10-18,"0.94"
"CR",2022-10-19,"0.92"
"CR",2022-10-20,"0.95"
"CR",2022-10-21,"0.94"
"CR",2022-10-22,"0.91"
"CR",2022-10-23,"0.95"
"CR",2022-10-24,"0.96"
"CR",2022-10-25,"0.95"
"CR",2022-10-26,"0.9"
"CR",2022-10-27,"1.03"
"CR",2022-10-28,"0.94"
"CR",2022-10-29,"0.92"
"CR",2022-10-30,"0.95"
"CR",2022-10-31,"0.97"
"CR",2022-11-01,"0.95"
"CR",2022-11-02,"0.96"
"CR",2022-11-03,"0.95"
"CR",2022-11-04,"0.95"
"CR",2022-11-05,"0.9"
"CR",2022-11-06,"0.95"
"CR",2022-11-07,"0.96"
"CR",2022-11-08,"0.96"
"CR",2022-11-09,"1"
"CR",2022-11-10,"0.99"
"CR",2022-11-11,"0.97"
"CR",2022-11-12,"0.96"
"CR",2022-11-13,"0.97"
"EB",2022-02-08,"0.063"
"EB",2022-02-10,"0.057"
"EB",2022-02-15,"0.062"
"EB",2022-02-22,"0.049"
"EB",2022-02-24,"0.052"
"EB",2022-03-01,"0.056"
"EB",2022-03-03,"0.063"
"EB",2022-03-08,"0.055"
"EB",2022-03-10,"0.049"
"EB",2022-03-15,"0.061"
"EB",2022-03-17,"0.063"
"EB",2022-03-22,"0.053"
"EB",2022-03-24,"0.058"
"EB",2022-03-29,"0.049"
"EB",2022-03-31,"0.057"
"EB",2022-04-05,"0.054"
"EB",2022-04-07,"0.052"
"EB",2022-04-12,"0.048"
"EB",2022-04-14,"0.052"
"EB",2022-04-19,"0.06"
"EB",2022-04-21,"0.053"
"EB",2022-04-26,"0.056"
"EB",2022-04-28,"0.054"
"EB",2022-05-03,"0.055"
"EB",2022-05-05,"0.053"
"EB",2022-05-10,"0.059"
"EB",2022-05-12,"0.057"
"EB",2022-05-17,"0.047"
"EB",2022-05-19,"0.061"
"EB",2022-05-24,"0.056"
"EB",2022-05-26,"0.057"
"EB",2022-06-01,"5.8000000000000003E-2"
"EB",2022-06-02,"6.2E-2"
"EB",2022-06-03,"5.8000000000000003E-2"
"EB",2022-06-04,"6.0999999999999999E-2"
"EB",2022-06-05,"5.1999999999999998E-2"
"EB",2022-06-06,"6.8000000000000005E-2"
"EB",2022-06-07,"0.055"
"EB",2022-06-07,"5.3999999999999999E-2"
"EB",2022-06-08,"6.4000000000000001E-2"
"EB",2022-06-09,"0.059"
"EB",2022-06-09,"5.8000000000000003E-2"
"EB",2022-06-10,"0.06"
"EB",2022-06-11,"5.3999999999999999E-2"
"EB",2022-06-12,"5.5E-2"
"EB",2022-06-13,"4.8000000000000001E-2"
"EB",2022-06-14,"0.048"
"EB",2022-06-14,"3.3000000000000002E-2"
"EB",2022-06-15,"6.2E-2"
"EB",2022-06-16,"0.071"
"EB",2022-06-16,"7.0999999999999994E-2"
"EB",2022-06-17,"7.0000000000000007E-2"
"EB",2022-06-18,"6.7000000000000004E-2"
"EB",2022-06-19,"6.3E-2"
"EB",2022-06-20,"6.3E-2"
"EB",2022-06-21,"6.5000000000000002E-2"
"EB",2022-06-22,"5.8999999999999997E-2"
"EB",2022-06-23,"6.9000000000000006E-2"
"EB",2022-06-24,"6.7000000000000004E-2"
"EB",2022-06-25,"6.5000000000000002E-2"
"EB",2022-06-26,"5.6000000000000001E-2"
"EB",2022-06-27,"6.3E-2"
"EB",2022-06-28,"6.0999999999999999E-2"
"EB",2022-06-29,"6.2E-2"
"EB",2022-06-30,"5.8000000000000003E-2"
"EB",2022-07-01,"6.3E-2"
"EB",2022-07-02,"4.2999999999999997E-2"
"EB",2022-07-03,"3.2000000000000001E-2"
"EB",2022-07-04,"5.7000000000000002E-2"
"EB",2022-07-05,"6.3E-2"
"EB",2022-07-06,"0.06"
"EB",2022-07-07,"6.8000000000000005E-2"
"EB",2022-07-08,"6.9000000000000006E-2"
"EB",2022-07-09,"6.7000000000000004E-2"
"EB",2022-07-10,"6.8000000000000005E-2"
"EB",2022-07-11,"6.5000000000000002E-2"
"EB",2022-07-12,"5.2999999999999999E-2"
"EB",2022-07-13,"5.3999999999999999E-2"
"EB",2022-07-14,"6.3E-2"
"EB",2022-07-15,"5.7000000000000002E-2"
"EB",2022-07-16,"5.5E-2"
"EB",2022-07-17,"5.6000000000000001E-2"
"EB",2022-07-18,"6.6000000000000003E-2"
"EB",2022-07-19,"5.5E-2"
"EB",2022-07-20,"6.3E-2"
"EB",2022-07-21,"5.6000000000000001E-2"
"EB",2022-07-22,"6.2E-2"
"EB",2022-07-23,"5.0999999999999997E-2"
"EB",2022-07-24,"5.1999999999999998E-2"
"EB",2022-07-25,"5.8999999999999997E-2"
"EB",2022-07-26,"2.8000000000000001E-2"
"EB",2022-07-27,"0.06"
"EB",2022-07-28,"8.2000000000000003E-2"
"EB",2022-07-29,"0.06"
"EB",2022-07-30,"5.3999999999999999E-2"
"EB",2022-07-31,"5.5E-2"
"EB",2022-08-01,"6.5000000000000002E-2"
"EB",2022-08-02,"5.8000000000000003E-2"
"EB",2022-08-03,"6.2E-2"
"EB",2022-08-04,"5.8999999999999997E-2"
"EB",2022-08-05,"5.5E-2"
"EB",2022-08-06,"0.05"
"EB",2022-08-07,"5.5E-2"
"EB",2022-08-08,"5.8999999999999997E-2"
"EB",2022-08-09,"6.3E-2"
"EB",2022-08-10,"6.7000000000000004E-2"
"EB",2022-08-11,"5.5E-2"
"EB",2022-08-12,"0.06"
"EB",2022-08-13,"5.2999999999999999E-2"
"EB",2022-08-14,"5.6000000000000001E-2"
"EB",2022-08-15,"6.6000000000000003E-2"
"EB",2022-08-16,"5.3999999999999999E-2"
"EB",2022-08-17,"5.7000000000000002E-2"
"EB",2022-08-18,"6.4000000000000001E-2"
"EB",2022-08-19,"4.9000000000000002E-2"
"EB",2022-08-20,"4.9000000000000002E-2"
"EB",2022-08-21,"5.2999999999999999E-2"
"EB",2022-08-22,"5.7000000000000002E-2"
"EB",2022-08-23,"5.8999999999999997E-2"
"EB",2022-08-24,"5.3999999999999999E-2"
"EB",2022-08-25,"5.5E-2"
"EB",2022-08-26,"5.5E-2"
"EB",2022-08-27,"0.05"
"EB",2022-08-28,"5.0999999999999997E-2"
"EB",2022-08-29,"6.4000000000000001E-2"
"EB",2022-08-30,"5.5E-2"
"EB",2022-08-31,"5.7000000000000002E-2"
"EB",2022-09-01,"5.6000000000000001E-2"
"EB",2022-09-02,"5.6000000000000001E-2"
"EB",2022-09-03,"5.1999999999999998E-2"
"EB",2022-09-04,"0.05"
"EB",2022-09-05,"5.5E-2"
"EB",2022-09-06,"7.0999999999999994E-2"
"EB",2022-09-07,"5.2999999999999999E-2"
"EB",2022-09-08,"5.3999999999999999E-2"
"EB",2022-09-09,"5.5E-2"
"EB",2022-09-10,"5.1999999999999998E-2"
"EB",2022-09-11,"5.7000000000000002E-2"
"EB",2022-09-12,"6.2E-2"
"EB",2022-09-13,"5.5E-2"
"EB",2022-09-14,"5.7000000000000002E-2"
"EB",2022-09-15,"5.6000000000000001E-2"
"EB",2022-09-16,"5.1999999999999998E-2"
"EB",2022-09-17,"5.5E-2"
"EB",2022-09-18,"5.6000000000000001E-2"
"EB",2022-09-19,"6.4000000000000001E-2"
"EB",2022-09-20,"5.5E-2"
"EB",2022-09-21,"5.6000000000000001E-2"
"EB",2022-09-22,"5.6000000000000001E-2"
"EB",2022-09-23,"5.2999999999999999E-2"
"EB",2022-09-24,"4.7E-2"
"EB",2022-09-25,"0.05"
"EB",2022-09-26,"6.2E-2"
"EB",2022-09-27,"5.1999999999999998E-2"
"EB",2022-09-28,"5.0999999999999997E-2"
"EB",2022-09-29,"5.7000000000000002E-2"
"EB",2022-09-30,"5.7000000000000002E-2"
"EB",2022-10-01,"5.1999999999999998E-2"
"EB",2022-10-02,"5.6000000000000001E-2"
"EB",2022-10-03,"6.6000000000000003E-2"
"EB",2022-10-04,"5.2999999999999999E-2"
"EB",2022-10-05,"5.7000000000000002E-2"
"EB",2022-10-06,"5.2999999999999999E-2"
"EB",2022-10-07,"5.8000000000000003E-2"
"EB",2022-10-08,"5.1999999999999998E-2"
"EB",2022-10-09,"5.6000000000000001E-2"
"EB",2022-10-10,"6.8000000000000005E-2"
"EB",2022-10-11,"5.8999999999999997E-2"
"EB",2022-10-12,"5.3999999999999999E-2"
"EB",2022-10-13,"5.2999999999999999E-2"
"EB",2022-10-14,"5.5E-2"
"EB",2022-10-15,"5.1999999999999998E-2"
"EB",2022-10-16,"5.1999999999999998E-2"
"EB",2022-10-17,"6.7000000000000004E-2"
"EB",2022-10-18,"6.0999999999999999E-2"
"EB",2022-10-19,"5.6000000000000001E-2"
"EB",2022-10-20,"5.7000000000000002E-2"
"EB",2022-10-21,"5.6000000000000001E-2"
"EB",2022-10-22,"5.2999999999999999E-2"
"EB",2022-10-23,"6.4000000000000001E-2"
"EB",2022-10-24,"7.0999999999999994E-2"
"EB",2022-10-25,"6.2E-2"
"EB",2022-10-26,"6.0999999999999999E-2"
"EB",2022-10-27,"5.8000000000000003E-2"
"EB",2022-10-28,"5.8999999999999997E-2"
"EB",2022-10-29,"5.6000000000000001E-2"
"EB",2022-10-30,"5.8000000000000003E-2"
"EB",2022-10-31,"6.6000000000000003E-2"
"EB",2022-11-01,"5.6000000000000001E-2"
"EB",2022-11-02,"6.5000000000000002E-2"
"EB",2022-11-03,"5.5E-2"
"EB",2022-11-04,"5.1999999999999998E-2"
"EB",2022-11-05,"5.0999999999999997E-2"
"EB",2022-11-06,"5.2999999999999999E-2"
"EB",2022-11-07,"6.3E-2"
"EB",2022-11-08,"5.6000000000000001E-2"
"EB",2022-11-09,"5.3999999999999999E-2"
"EB",2022-11-10,"5.6000000000000001E-2"
"EB",2022-11-11,"5.6000000000000001E-2"
"EB",2022-11-12,"5.5E-2"
"EB",2022-11-13,"5.6000000000000001E-2"
"EM",2022-02-08,"10.56"
"EM",2022-02-10,"10.2"
"EM",2022-02-15,"10.4"
"EM",2022-02-17,"10.2"
"EM",2022-02-22,"10.24"
"EM",2022-02-24,"10.23"
"EM",2022-03-01,"10.46"
"EM",2022-03-03,"10.28"
"EM",2022-03-08,"10.65"
"EM",2022-03-10,"10.37"
"EM",2022-03-15,"11.25"
"EM",2022-03-17,"10.82"
"EM",2022-03-22,"10.75"
"EM",2022-03-24,"10.35"
"EM",2022-03-29,"10.12"
"EM",2022-03-31,"10.31"
"EM",2022-04-05,"10.7"
"EM",2022-04-07,"11.03"
"EM",2022-04-12,"10.76"
"EM",2022-04-14,"11"
"EM",2022-04-19,"10.9"
"EM",2022-04-21,"10.73"
"EM",2022-04-26,"10.82"
"EM",2022-04-28,"10.8"
"EM",2022-05-05,"11.03"
"EM",2022-05-10,"11.31"
"EM",2022-05-12,"13.02"
"EM",2022-05-17,"11.41"
"EM",2022-05-19,"11.26"
"EM",2022-05-24,"11.08"
"EM",2022-05-26,"11.31"
"EM",2022-05-31,"11.85"
"EM",2022-06-01,"11.29"
"EM",2022-06-02,"11.12"
"EM",2022-06-02,"11.12"
"EM",2022-06-03,"11.08"
"EM",2022-06-04,"10.85"
"EM",2022-06-05,"11.26"
"EM",2022-06-06,"11.22"
"EM",2022-06-07,"10.91"
"EM",2022-06-07,"10.91"
"EM",2022-06-08,"10.91"
"EM",2022-06-09,"10.91"
"EM",2022-06-09,"10.91"
"EM",2022-06-10,"11.04"
"EM",2022-06-11,"10.53"
"EM",2022-06-12,"10.93"
"EM",2022-06-13,"11.04"
"EM",2022-06-14,"11.03"
"EM",2022-06-14,"11.03"
"EM",2022-06-15,"11.53"
"EM",2022-06-16,"10.88"
"EM",2022-06-16,"10.88"
"EM",2022-06-17,"10.66"
"EM",2022-06-18,"10.41"
"EM",2022-06-19,"10.72"
"EM",2022-06-20,"11.33"
"EM",2022-06-21,"11.19"
"EM",2022-06-22,"10.96"
"EM",2022-06-23,"10.8"
"EM",2022-06-24,"10.9"
"EM",2022-06-25,"10.45"
"EM",2022-06-26,"10.59"
"EM",2022-06-27,"10.77"
"EM",2022-06-28,"10.63"
"EM",2022-06-29,"10.68"
"EM",2022-06-30,"10.77"
"EM",2022-07-01,"10.39"
"EM",2022-07-02,"9.56"
"EM",2022-07-03,"9.14"
"EM",2022-07-04,"10.01"
"EM",2022-07-05,"10.58"
"EM",2022-07-06,"10.56"
"EM",2022-07-07,"10.69"
"EM",2022-07-08,"10.51"
"EM",2022-07-09,"10.18"
"EM",2022-07-10,"10.58"
"EM",2022-07-11,"10.82"
"EM",2022-07-12,"10.59"
"EM",2022-07-13,"10.63"
"EM",2022-07-14,"10.57"
"EM",2022-07-15,"10.63"
"EM",2022-07-16,"10.210000000000001"
"EM",2022-07-17,"10.46"
"EM",2022-07-18,"10.89"
"EM",2022-07-19,"10.78"
"EM",2022-07-20,"10.65"
"EM",2022-07-21,"10.65"
"EM",2022-07-22,"10.51"
"EM",2022-07-23,"10.27"
"EM",2022-07-24,"10.39"
"EM",2022-07-25,"10.53"
"EM",2022-07-26,"10.24"
"EM",2022-07-27,"10.49"
"EM",2022-07-28,"10.49"
"EM",2022-07-29,"10.45"
"EM",2022-07-30,"10.1"
"EM",2022-07-31,"10.46"
"EM",2022-08-01,"10.61"
"EM",2022-08-02,"10.54"
"EM",2022-08-03,"10.65"
"EM",2022-08-04,"10.37"
"EM",2022-08-05,"10.220000000000001"
"EM",2022-08-06,"10.1"
"EM",2022-08-07,"10.37"
"EM",2022-08-08,"11.03"
"EM",2022-08-09,"10.7"
"EM",2022-08-10,"10.62"
"EM",2022-08-11,"10.48"
"EM",2022-08-12,"10.34"
"EM",2022-08-13,"9.85"
"EM",2022-08-14,"10.26"
"EM",2022-08-15,"10.61"
"EM",2022-08-16,"10.48"
"EM",2022-08-17,"10.48"
"EM",2022-08-18,"10.47"
"EM",2022-08-19,"10.28"
"EM",2022-08-20,"10.039999999999999"
"EM",2022-08-21,"10.36"
"EM",2022-08-22,"10.64"
"EM",2022-08-23,"10.45"
"EM",2022-08-24,"10.41"
"EM",2022-08-25,"10.3"
"EM",2022-08-26,"10.26"
"EM",2022-08-27,"10.19"
"EM",2022-08-28,"11.1"
"EM",2022-08-29,"10.94"
"EM",2022-08-30,"10.62"
"EM",2022-08-31,"10.82"
"EM",2022-09-01,"10.59"
"EM",2022-09-02,"10.46"
"EM",2022-09-03,"9.67"
"EM",2022-09-04,"9.56"
"EM",2022-09-05,"10.8"
"EM",2022-09-06,"10.9"
"EM",2022-09-07,"10.54"
"EM",2022-09-08,"10.42"
"EM",2022-09-09,"10.029999999999999"
"EM",2022-09-10,"10.09"
"EM",2022-09-11,"10.68"
"EM",2022-09-12,"10.66"
"EM",2022-09-13,"10.32"
"EM",2022-09-14,"10.26"
"EM",2022-09-15,"10.32"
"EM",2022-09-16,"10.210000000000001"
"EM",2022-09-17,"10.210000000000001"
"EM",2022-09-18,"10.73"
"EM",2022-09-19,"10.59"
"EM",2022-09-20,"10.41"
"EM",2022-09-21,"10.29"
"EM",2022-09-22,"10.25"
"EM",2022-09-23,"9.9700000000000006"
"EM",2022-09-24,"9.91"
"EM",2022-09-25,"10.54"
"EM",2022-09-26,"10.65"
"EM",2022-09-27,"10.29"
"EM",2022-09-28,"10.220000000000001"
"EM",2022-09-29,"10.26"
"EM",2022-09-30,"10.06"
"EM",2022-10-01,"10.029999999999999"
"EM",2022-10-02,"10.5"
"EM",2022-10-03,"10.57"
"EM",2022-10-04,"10.27"
"EM",2022-10-05,"10.220000000000001"
"EM",2022-10-06,"10.19"
"EM",2022-10-07,"9.9700000000000006"
"EM",2022-10-08,"9.99"
"EM",2022-10-09,"10.55"
"EM",2022-10-10,"10.46"
"EM",2022-10-11,"10.14"
"EM",2022-10-12,"10.11"
"EM",2022-10-13,"10.06"
"EM",2022-10-14,"9.8800000000000008"
"EM",2022-10-15,"10.14"
"EM",2022-10-16,"10.67"
"EM",2022-10-17,"10.36"
"EM",2022-10-18,"9.91"
"EM",2022-10-19,"10.17"
"EM",2022-10-20,"10.02"
"EM",2022-10-21,"9.7799999999999994"
"EM",2022-10-22,"9.77"
"EM",2022-10-23,"10.47"
"EM",2022-10-24,"10.64"
"EM",2022-10-25,"10.26"
"EM",2022-10-26,"10.24"
"EM",2022-10-27,"10.16"
"EM",2022-10-28,"10.07"
"EM",2022-10-29,"10.16"
"EM",2022-10-30,"10.59"
"EM",2022-10-31,"10.37"
"EM",2022-11-01,"9.9499999999999993"
"EM",2022-11-02,"9.99"
"EM",2022-11-03,"9.9600000000000009"
"EM",2022-11-04,"10.07"
"EM",2022-11-05,"9.8699999999999992"
"EM",2022-11-06,"10.55"
"EM",2022-11-07,"10.23"
"EM",2022-11-08,"10.08"
"EM",2022-11-09,"10.18"
"EM",2022-11-10,"10.039999999999999"
"EM",2022-11-11,"10.06"
"EM",2022-11-12,"10.07"
"EM",2022-11-13,"10.8"
"EP",2022-02-08,"5.12"
"EP",2022-02-10,"5.02"
"EP",2022-02-15,"5.11"
"EP",2022-02-17,"4.99"
"EP",2022-02-24,"4.96"
"EP",2022-03-01,"5.07"
"EP",2022-03-03,"5.07"
"EP",2022-03-08,"4.64"
"EP",2022-03-10,"4.63"
"EP",2022-03-15,"5.5"
"EP",2022-03-17,"5.25"
"EP",2022-03-22,"5.15"
"EP",2022-03-24,"5.06"
"EP",2022-03-29,"5.04"
"EP",2022-03-31,"5.07"
"EP",2022-04-05,"5.15"
"EP",2022-04-07,"5.22"
"EP",2022-04-12,"5.06"
"EP",2022-04-14,"5.14"
"EP",2022-04-19,"5.18"
"EP",2022-04-21,"5.1"
"EP",2022-04-26,"5.11"
"EP",2022-04-28,"5.15"
"EP",2022-05-03,"5.14"
"EP",2022-05-05,"5.12"
"EP",2022-05-10,"5.17"
"EP",2022-05-12,"5.94"
"EP",2022-05-17,"5.31"
"EP",2022-05-19,"5.24"
"EP",2022-05-24,"5.13"
"EP",2022-05-26,"5.17"
"EP",2022-05-31,"5.46"
"EP",2022-06-01,"5.17"
"EP",2022-06-02,"5.19"
"EP",2022-06-02,"5.16"
"EP",2022-06-03,"5.23"
"EP",2022-06-04,"5.2"
"EP",2022-06-05,"5.36"
"EP",2022-06-06,"5.3"
"EP",2022-06-07,"5.12"
"EP",2022-06-07,"5.09"
"EP",2022-06-08,"5.1100000000000003"
"EP",2022-06-09,"5.13"
"EP",2022-06-09,"5.1100000000000003"
"EP",2022-06-10,"5.0999999999999996"
"EP",2022-06-11,"5.08"
"EP",2022-06-12,"5.23"
"EP",2022-06-13,"5.3"
"EP",2022-06-14,"5.21"
"EP",2022-06-14,"5.22"
"EP",2022-06-15,"5.16"
"EP",2022-06-16,"5.13"
"EP",2022-06-17,"5.14"
"EP",2022-06-18,"5.0199999999999996"
"EP",2022-06-19,"5.14"
"EP",2022-06-20,"5.42"
"EP",2022-06-21,"5.33"
"EP",2022-06-22,"5.1100000000000003"
"EP",2022-06-23,"5.08"
"EP",2022-06-24,"5.22"
"EP",2022-06-25,"5.0599999999999996"
"EP",2022-06-26,"5.12"
"EP",2022-06-27,"5.18"
"EP",2022-06-28,"5.03"
"EP",2022-06-29,"5.09"
"EP",2022-06-30,"5.16"
"EP",2022-07-01,"5.05"
"EP",2022-07-02,"4.63"
"EP",2022-07-03,"4.51"
"EP",2022-07-04,"4.88"
"EP",2022-07-05,"5.13"
"EP",2022-07-06,"5.09"
"EP",2022-07-07,"5.15"
"EP",2022-07-08,"5.0999999999999996"
"EP",2022-07-09,"5.09"
"EP",2022-07-10,"5.2"
"EP",2022-07-11,"5.28"
"EP",2022-07-12,"5.12"
"EP",2022-07-13,"5.0199999999999996"
"EP",2022-07-14,"5.0599999999999996"
"EP",2022-07-15,"5.16"
"EP",2022-07-16,"5.0599999999999996"
"EP",2022-07-17,"5.19"
"EP",2022-07-18,"5.36"
"EP",2022-07-19,"5.12"
"EP",2022-07-20,"5.0199999999999996"
"EP",2022-07-21,"5.13"
"EP",2022-07-22,"5.08"
"EP",2022-07-23,"5.07"
"EP",2022-07-24,"5.18"
"EP",2022-07-25,"5.13"
"EP",2022-07-26,"4.97"
"EP",2022-07-27,"5.0599999999999996"
"EP",2022-07-28,"5"
"EP",2022-07-29,"4.95"
"EP",2022-07-30,"5"
"EP",2022-07-31,"5.18"
"EP",2022-08-01,"5.21"
"EP",2022-08-02,"5.17"
"EP",2022-08-03,"5.18"
"EP",2022-08-04,"5.12"
"EP",2022-08-05,"5.09"
"EP",2022-08-06,"5.05"
"EP",2022-08-07,"5.22"
"EP",2022-08-08,"5.25"
"EP",2022-08-09,"5.05"
"EP",2022-08-10,"5.13"
"EP",2022-08-11,"5.09"
"EP",2022-08-12,"5.12"
"EP",2022-08-13,"4.97"
"EP",2022-08-14,"5.14"
"EP",2022-08-15,"5.32"
"EP",2022-08-16,"5.15"
"EP",2022-08-17,"5.16"
"EP",2022-08-18,"5.16"
"EP",2022-08-19,"5.19"
"EP",2022-08-20,"5.16"
"EP",2022-08-21,"5.31"
"EP",2022-08-22,"5.34"
"EP",2022-08-23,"5.21"
"EP",2022-08-24,"5.28"
"EP",2022-08-25,"5.14"
"EP",2022-08-26,"5.12"
"EP",2022-08-27,"5.21"
"EP",2022-08-28,"5.75"
"EP",2022-08-29,"5.5"
"EP",2022-08-30,"5.23"
"EP",2022-08-31,"5.18"
"EP",2022-09-01,"5.23"
"EP",2022-09-02,"5.26"
"EP",2022-09-03,"4.87"
"EP",2022-09-04,"4.71"
"EP",2022-09-05,"5.42"
"EP",2022-09-06,"5.37"
"EP",2022-09-07,"5.2"
"EP",2022-09-08,"5.21"
"EP",2022-09-09,"5.0999999999999996"
"EP",2022-09-10,"5.07"
"EP",2022-09-11,"5.42"
"EP",2022-09-12,"5.25"
"EP",2022-09-13,"4.99"
"EP",2022-09-14,"5.0199999999999996"
"EP",2022-09-15,"4.9800000000000004"
"EP",2022-09-16,"4.99"
"EP",2022-09-17,"5.15"
"EP",2022-09-18,"5.36"
"EP",2022-09-19,"5.19"
"EP",2022-09-20,"5.14"
"EP",2022-09-21,"5"
"EP",2022-09-22,"4.9000000000000004"
"EP",2022-09-23,"4.97"
"EP",2022-09-24,"5.03"
"EP",2022-09-25,"5.32"
"EP",2022-09-26,"5.26"
"EP",2022-09-27,"5.04"
"EP",2022-09-28,"4.97"
"EP",2022-09-29,"5.05"
"EP",2022-09-30,"4.96"
"EP",2022-10-01,"4.9800000000000004"
"EP",2022-10-02,"5.34"
"EP",2022-10-03,"5.19"
"EP",2022-10-04,"4.92"
"EP",2022-10-05,"5"
"EP",2022-10-06,"4.9400000000000004"
"EP",2022-10-07,"4.92"
"EP",2022-10-08,"5.16"
"EP",2022-10-09,"5.36"
"EP",2022-10-10,"5.22"
"EP",2022-10-11,"5.01"
"EP",2022-10-12,"4.9400000000000004"
"EP",2022-10-13,"4.95"
"EP",2022-10-14,"4.97"
"EP",2022-10-15,"5.1100000000000003"
"EP",2022-10-16,"5.4"
"EP",2022-10-17,"5.22"
"EP",2022-10-18,"4.96"
"EP",2022-10-19,"4.93"
"EP",2022-10-20,"4.95"
"EP",2022-10-21,"4.8899999999999997"
"EP",2022-10-22,"4.93"
"EP",2022-10-23,"5.31"
"EP",2022-10-24,"5.27"
"EP",2022-10-25,"5"
"EP",2022-10-26,"5"
"EP",2022-10-27,"4.9400000000000004"
"EP",2022-10-28,"4.9800000000000004"
"EP",2022-10-29,"5.23"
"EP",2022-10-30,"5.39"
"EP",2022-10-31,"5.14"
"EP",2022-11-01,"4.96"
"EP",2022-11-02,"5"
"EP",2022-11-03,"4.95"
"EP",2022-11-04,"5.04"
"EP",2022-11-05,"5.12"
"EP",2022-11-06,"5.43"
"EP",2022-11-07,"5.16"
"EP",2022-11-08,"4.96"
"EP",2022-11-09,"5.1100000000000003"
"EP",2022-11-10,"5.03"
"EP",2022-11-11,"5.1100000000000003"
"EP",2022-11-12,"5.21"
"EP",2022-11-13,"5.51"
"ER",2022-02-10,"1.385"
"ER",2022-02-14,"1.227"
"ER",2022-02-23,"1.122"
"ER",2022-02-27,"1.358"
"ER",2022-03-02,"1.226"
"ER",2022-03-07,"1.011"
"ER",2022-03-09,"1.236"
"ER",2022-03-14,"1.145"
"ER",2022-03-16,"1.264"
"ER",2022-03-21,"1.282"
"ER",2022-03-23,"1.295"
"ER",2022-03-28,"1.232"
"ER",2022-03-30,"1.21"
"ER",2022-04-04,"1.254"
"ER",2022-04-06,"1.304"
"ER",2022-04-11,"1.191"
"ER",2022-04-13,"1.333"
"ER",2022-04-18,"1.151"
"ER",2022-04-20,"1.315"
"ER",2022-04-25,"1.178"
"ER",2022-05-02,"1.489"
"ER",2022-05-04,"1.364"
"ER",2022-05-09,"1.394"
"ER",2022-05-11,"1.392"
"ER",2022-05-16,"1.398"
"ER",2022-05-18,"1.371"
"ER",2022-05-23,"1.232"
"ER",2022-05-25,"1.392"
"ER",2022-06-01,"1.41"
"ER",2022-06-06,"1.438"
"ER",2022-06-08,"1.386"
"ER",2022-06-13,"1.299"
"ER",2022-06-20,"1.283"
"ER",2022-06-22,"1.321"
"ER",2022-06-27,"1.226"
"ER",2022-06-29,"1.275"
"ER",2022-07-06,"1.301"
"ER",2022-07-11,"1.357"
"ER",2022-07-13,"1.317"
"ER",2022-07-18,"1.391"
"ER",2022-07-25,"1.277"
"ER",2022-07-27,"1.349"
"ER",2022-08-01,"1.399"
"ER",2022-08-03,"1.391"
"ER",2022-08-10,"1.243"
"ER",2022-08-15,"1.231"
"ER",2022-08-17,"1.317"
"ER",2022-08-22,"1.257"
"ER",2022-08-24,"1.317"
"ER",2022-08-29,"1.447"
"ER",2022-08-31,"1.266"
"ER",2022-09-12,"1.239"
"ER",2022-09-14,"1.27"
"ER",2022-09-19,"1.415"
"ER",2022-09-21,"1.362"
"ER",2022-09-26,"1.448"
"ER",2022-09-28,"1.263"
"ER",2022-10-03,"1.358"
"ER",2022-10-05,"1.318"
"ER",2022-10-10,"1.294"
"ER",2022-10-12,"1.253"
"ER",2022-10-17,"1.338"
"ER",2022-10-19,"1.244"
"ER",2022-10-24,"1.415"
"ER",2022-10-26,"1.302"
"FF",2022-02-09,"1343"
"FF",2022-02-15,"1.287"
"FF",2022-02-16,"1.367"
"FF",2022-02-22,"1.36"
"FF",2022-02-23,"1.327"
"FF",2022-03-01,"1.383"
"FF",2022-03-02,"1.373"
"FF",2022-03-08,"1.358"
"FF",2022-03-09,"1.37"
"FF",2022-03-15,"1.387"
"FF",2022-03-16,"1.55"
"FF",2022-03-22,"2.287"
"FF",2022-03-29,"1.542"
"FF",2022-03-30,"1.563"
"FF",2022-04-05,"1.713"
"FF",2022-04-06,"2.045"
"FF",2022-04-12,"1.933"
"FF",2022-04-13,"1.923"
"FF",2022-04-19,"1.75"
"FF",2022-04-20,"1.795"
"FF",2022-04-26,"1.895"
"FF",2022-04-27,"1.961"
"FF",2022-05-03,"2.689"
"FF",2022-05-04,"2.49"
"FF",2022-05-09,"2.212"
"FF",2022-05-11,"2.067"
"FF",2022-05-17,"2.001"
"FF",2022-05-18,"1.856"
"FF",2022-05-24,"1.847"
"FF",2022-05-25,"1.768"
"FF",2022-05-31,"2.82"
"FF",2022-06-01,"2.377"
"FF",2022-06-07,"1.754"
"FF",2022-06-08,"1.83"
"FF",2022-06-14,"1.78"
"FF",2022-06-15,"1.741"
"FF",2022-06-21,"1.72"
"FF",2022-06-22,"1.671"
"FF",2022-06-28,"1.606"
"FF",2022-06-29,"1.6"
"FF",2022-07-05,"1.627"
"FF",2022-07-06,"1.648"
"FF",2022-07-12,"1.4789"
"FF",2022-07-13,"1.49"
"FF",2022-07-19,"1.529"
"FF",2022-07-20,"1.469"
"FF",2022-07-26,"1.398"
"FF",2022-07-27,"1.372"
"FF",2022-08-02,"1.406"
"FF",2022-08-03,"1.434"
"FF",2022-08-10,"1.334"
"FF",2022-08-16,"1.281"
"FF",2022-08-17,"1.349"
"FF",2022-08-24,"1.377"
"FF",2022-08-31,"1.322"
"FF",2022-09-06,"1.245"
"FF",2022-09-07,"1.351"
"FF",2022-09-13,"1.293"
"FF",2022-09-14,"1.311"
"FF",2022-09-20,"1.298"
"FF",2022-09-21,"1.211"
"FF",2022-09-27,"1.243"
"FF",2022-09-28,"1.233"
"FF",2022-10-11,"1.316"
"FF",2022-10-12,"1.351"
"FF",2022-10-18,"1.289"
"FF",2022-10-19,"1.26"
"FF",2022-10-25,"1.304"
"FF",2022-10-26,"1.291"
"GC",2022-02-07,"0.482"
"GC",2022-02-09,"0.508"
"GC",2022-02-14,"0.429"
"GC",2022-02-16,"0.516"
"GC",2022-02-22,"0.419"
"GC",2022-02-23,"0.412"
"GC",2022-02-28,"0.481"
"GC",2022-03-02,"0.456"
"GC",2022-03-07,"0.473"
"GC",2022-03-09,"0.457"
"GC",2022-03-14,"0.491"
"GC",2022-03-15,"0.512"
"GC",2022-03-16,"0.612"
"GC",2022-03-29,"0.68"
"GC",2022-04-04,"0.64"
"GC",2022-04-11,"0.917"
"GC",2022-04-18,"0.753"
"GC",2022-04-26,"0.912"
"GC",2022-05-02,"1.201"
"GC",2022-05-09,"1.013"
"GC",2022-05-16,"1.382"
"GC",2022-05-17,"0.595"
"GC",2022-05-23,"0.88"
"GC",2022-05-25,"0.658"
"GC",2022-05-31,"0.804"
"GC",2022-06-06,"0.666"
"GC",2022-06-13,"0.575"
"GC",2022-06-15,"0.562"
"GC",2022-06-21,"0.571"
"GC",2022-06-27,"0.482"
"GC",2022-07-27,"0.722"
"GL",2022-02-15,"0.361"
"GL",2022-02-15,"0.334"
"GL",2022-02-17,"0.311"
"GL",2022-02-22,"0.298"
"GL",2022-03-01,"0.32"
"GL",2022-03-03,"0.313"
"GL",2022-03-08,"0.309"
"GL",2022-03-10,"0.314"
"GL",2022-03-15,"0.303"
"GL",2022-03-17,"0.418"
"GL",2022-03-22,"0.366"
"GL",2022-03-24,"0.408"
"GL",2022-03-29,"0.376"
"GL",2022-03-31,"0.329"
"GL",2022-04-05,"0.36"
"GL",2022-04-07,"0.468"
"GL",2022-04-12,"0.367"
"GL",2022-04-14,"0.369"
"GL",2022-04-19,"0.35"
"GL",2022-04-21,"0.362"
"GL",2022-04-26,"0.356"
"GL",2022-04-28,"0.36"
"GL",2022-05-03,"0.384"
"GL",2022-05-05,"0.39"
"GL",2022-05-12,"1.006"
"GL",2022-05-17,"0.761"
"GL",2022-05-19,"0.694"
"GL",2022-05-24,"0.634"
"GL",2022-05-26,"0.607"
"GL",2022-05-31,"0.709"
"GL",2022-06-02,"0.546"
"GL",2022-06-07,"0.509"
"GL",2022-06-09,"0.505"
"GL",2022-06-21,"0.543"
"GL",2022-06-23,"0.495"
"GL",2022-06-28,"0.426"
"GL",2022-06-30,"0.418"
"GL",2022-07-12,"0.436"
"GL",2022-07-14,"0.457"
"GL",2022-07-21,"0.401"
"GL",2022-07-26,"0.409"
"GL",2022-07-28,"0.426"
"GL",2022-08-02,"0.42"
"GL",2022-08-04,"0.394"
"GL",2022-08-09,"0.455"
"GL",2022-08-11,"0.435"
"GL",2022-08-16,"0.412"
"GL",2022-08-18,"0.384"
"GL",2022-08-30,"4.06"
"GL",2022-09-01,"0.351"
"GL",2022-09-06,"0.458"
"GL",2022-09-13,"0.341"
"GL",2022-09-15,"0.371"
"GL",2022-09-20,"0.244"
"GL",2022-09-22,"0.358"
"GL",2022-09-27,"0.378"
"GL",2022-09-29,"0.37"
"GL",2022-10-04,"0.384"
"GL",2022-10-06,"0.353"
"GL",2022-10-11,"0.332"
"GL",2022-10-13,"0.343"
"GL",2022-10-18,"0.036"
"GL",2022-10-20,"0.34"
"GL",2022-10-25,"0.356"
"GL",2022-10-27,"0.308"
"HS",2022-02-08,"1.38"
"HS",2022-02-10,"1.36"
"HS",2022-02-15,"1.38"
"HS",2022-02-17,"1.34"
"HS",2022-02-24,"1.36"
"HS",2022-03-01,"1.38"
"HS",2022-03-08,"1.35"
"HS",2022-03-10,"1.37"
"HS",2022-03-15,"1.44"
"HS",2022-03-17,"1.32"
"HS",2022-03-22,"1.38"
"HS",2022-03-24,"1.37"
"HS",2022-03-29,"1.34"
"HS",2022-03-31,"1.4"
"HS",2022-04-05,"1.41"
"HS",2022-04-07,"1.43"
"HS",2022-04-12,"1.44"
"HS",2022-04-14,"1.43"
"HS",2022-04-19,"1.42"
"HS",2022-04-21,"1.41"
"HS",2022-04-26,"1.39"
"HS",2022-04-28,"1.39"
"HS",2022-05-03,"1.45"
"HS",2022-05-05,"1.39"
"HS",2022-05-10,"1.48"
"HS",2022-05-12,"1.66"
"HS",2022-05-17,"1.48"
"HS",2022-05-19,"1.49"
"HS",2022-05-24,"1.43"
"HS",2022-05-26,"1.47"
"HS",2022-05-31,"1.53"
"HS",2022-06-01,"1.42"
"HS",2022-06-02,"1.62"
"HS",2022-06-02,"1.65"
"HS",2022-06-03,"1.45"
"HS",2022-06-04,"1.38"
"HS",2022-06-05,"1.47"
"HS",2022-06-06,"1.47"
"HS",2022-06-07,"1.35"
"HS",2022-06-07,"1.38"
"HS",2022-06-08,"1.38"
"HS",2022-06-09,"1.63"
"HS",2022-06-09,"1.66"
"HS",2022-06-10,"1.45"
"HS",2022-06-11,"1.36"
"HS",2022-06-12,"1.43"
"HS",2022-06-13,"1.4"
"HS",2022-06-14,"1.38"
"HS",2022-06-14,"1.41"
"HS",2022-06-15,"1.4"
"HS",2022-06-16,"1.39"
"HS",2022-06-17,"1.35"
"HS",2022-06-18,"1.32"
"HS",2022-06-19,"1.39"
"HS",2022-06-20,"1.46"
"HS",2022-06-21,"1.45"
"HS",2022-06-22,"1.6"
"HS",2022-06-23,"1.58"
"HS",2022-06-24,"1.37"
"HS",2022-06-25,"1.33"
"HS",2022-06-26,"1.44"
"HS",2022-06-27,"1.38"
"HS",2022-06-28,"1.37"
"HS",2022-06-29,"1.43"
"HS",2022-06-30,"1.43"
"HS",2022-07-01,"1.39"
"HS",2022-07-02,"1.31"
"HS",2022-07-03,"1.25"
"HS",2022-07-04,"1.4"
"HS",2022-07-05,"1.67"
"HS",2022-07-06,"1.5"
"HS",2022-07-07,"1.46"
"HS",2022-07-08,"1.42"
"HS",2022-07-09,"1.42"
"HS",2022-07-10,"1.45"
"HS",2022-07-11,"1.47"
"HS",2022-07-12,"1.49"
"HS",2022-07-13,"1.42"
"HS",2022-07-14,"1.44"
"HS",2022-07-15,"1.48"
"HS",2022-07-16,"1.45"
"HS",2022-07-17,"1.49"
"HS",2022-07-18,"1.51"
"HS",2022-07-19,"1.54"
"HS",2022-07-20,"1.53"
"HS",2022-07-21,"1.45"
"HS",2022-07-22,"1.42"
"HS",2022-07-23,"1.38"
"HS",2022-07-24,"1.43"
"HS",2022-07-25,"1.45"
"HS",2022-07-26,"1.46"
"HS",2022-07-27,"1.48"
"HS",2022-07-28,"1.45"
"HS",2022-07-29,"1.43"
"HS",2022-07-30,"1.39"
"HS",2022-07-31,"1.47"
"HS",2022-08-01,"1.54"
"HS",2022-08-02,"1.5"
"HS",2022-08-03,"1.44"
"HS",2022-08-04,"1.41"
"HS",2022-08-05,"1.43"
"HS",2022-08-06,"1.37"
"HS",2022-08-07,"1.44"
"HS",2022-08-08,"1.44"
"HS",2022-08-09,"1.39"
"HS",2022-08-10,"1.36"
"HS",2022-08-11,"1.34"
"HS",2022-08-12,"1.4"
"HS",2022-08-13,"1.3"
"HS",2022-08-14,"1.4"
"HS",2022-08-15,"1.41"
"HS",2022-08-16,"1.4"
"HS",2022-08-17,"1.35"
"HS",2022-08-18,"1.42"
"HS",2022-08-19,"1.44"
"HS",2022-08-20,"1.36"
"HS",2022-08-21,"1.43"
"HS",2022-08-22,"1.45"
"HS",2022-08-23,"1.48"
"HS",2022-08-24,"1.46"
"HS",2022-08-25,"1.42"
"HS",2022-08-26,"1.41"
"HS",2022-08-27,"1.42"
"HS",2022-08-28,"1.69"
"HS",2022-08-29,"1.51"
"HS",2022-08-30,"1.42"
"HS",2022-08-31,"1.42"
"HS",2022-09-01,"1.43"
"HS",2022-09-02,"1.41"
"HS",2022-09-03,"1.3"
"HS",2022-09-04,"1.3"
"HS",2022-09-05,"1.5"
"HS",2022-09-06,"1.46"
"HS",2022-09-07,"1.46"
"HS",2022-09-08,"1.43"
"HS",2022-09-09,"1.35"
"HS",2022-09-10,"1.36"
"HS",2022-09-11,"1.48"
"HS",2022-09-12,"1.42"
"HS",2022-09-13,"1.37"
"HS",2022-09-14,"1.36"
"HS",2022-09-15,"1.38"
"HS",2022-09-16,"1.36"
"HS",2022-09-17,"1.37"
"HS",2022-09-18,"1.48"
"HS",2022-09-19,"1.43"
"HS",2022-09-20,"1.43"
"HS",2022-09-21,"1.35"
"HS",2022-09-22,"1.36"
"HS",2022-09-23,"1.32"
"HS",2022-09-24,"1.33"
"HS",2022-09-25,"1.43"
"HS",2022-09-26,"1.43"
"HS",2022-09-27,"1.37"
"HS",2022-09-28,"1.33"
"HS",2022-09-29,"1.38"
"HS",2022-09-30,"1.34"
"HS",2022-10-01,"1.32"
"HS",2022-10-02,"1.44"
"HS",2022-10-03,"1.4"
"HS",2022-10-04,"1.35"
"HS",2022-10-05,"1.35"
"HS",2022-10-06,"1.4"
"HS",2022-10-07,"1.38"
"HS",2022-10-08,"1.39"
"HS",2022-10-09,"1.42"
"HS",2022-10-10,"1.42"
"HS",2022-10-11,"1.36"
"HS",2022-10-12,"1.33"
"HS",2022-10-13,"1.35"
"HS",2022-10-14,"1.34"
"HS",2022-10-15,"1.34"
"HS",2022-10-16,"1.43"
"HS",2022-10-17,"1.39"
"HS",2022-10-18,"1.33"
"HS",2022-10-19,"1.31"
"HS",2022-10-20,"1.31"
"HS",2022-10-21,"1.32"
"HS",2022-10-22,"1.32"
"HS",2022-10-23,"1.44"
"HS",2022-10-24,"1.38"
"HS",2022-10-25,"1.38"
"HS",2022-10-26,"1.35"
"HS",2022-10-27,"1.32"
"HS",2022-10-28,"1.32"
"HS",2022-10-29,"1.36"
"HS",2022-10-30,"1.43"
"HS",2022-10-31,"1.34"
"HS",2022-11-01,"1.53"
"HS",2022-11-02,"1.33"
"HS",2022-11-03,"1.32"
"HS",2022-11-04,"1.29"
"HS",2022-11-05,"1.3"
"HS",2022-11-06,"1.39"
"HS",2022-11-07,"1.36"
"HS",2022-11-08,"1.32"
"HS",2022-11-09,"1.29"
"HS",2022-11-10,"1.3"
"HS",2022-11-11,"1.29"
"HS",2022-11-12,"1.31"
"HS",2022-11-13,NA
"HT",2022-02-14,"1.65"
"HT",2022-02-22,"1.61"
"HT",2022-02-28,"1.68"
"HT",2022-03-07,"1.73"
"HT",2022-03-28,"1.87"
"HT",2022-04-04,"2.11"
"HT",2022-04-11,"2.14"
"HT",2022-04-18,"2.28"
"HT",2022-05-02,"2.83"
"HT",2022-05-09,"2.45"
"HT",2022-05-16,"3.13"
"HT",2022-05-23,"2.54"
"HT",2022-05-30,"2.42"
"HT",2022-06-07,"2.24"
"HT",2022-06-14,"2.33"
"HT",2022-06-21,"2.48"
"HT",2022-06-28,"2.31"
"HT",2022-07-05,"2.1"
"HT",2022-07-12,"2.22"
"HT",2022-07-19,"2.32"
"HT",2022-07-26,"2.01"
"HT",2022-08-01,"2.08"
"HT",2022-08-22,"2.071"
"HT",2022-08-30,"1.94"
"HT",2022-09-12,"2.31"
"HT",2022-09-19,"1.948"
"HT",2022-09-26,"1.79"
"HT",2022-10-03,"1.72"
"HT",2022-10-10,"1.73"
"HT",2022-10-24,"1.74"
"HY",2022-03-09,"0.192"
"HY",2022-03-16,"0.217"
"HY",2022-03-23,"0.256"
"HY",2022-03-30,"0.2"
"HY",2022-04-06,"0.276"
"HY",2022-04-20,"0.249"
"HY",2022-04-27,"0.245"
"HY",2022-05-04,"0.299"
"HY",2022-05-11,"0.276"
"HY",2022-05-18,"0.33"
"HY",2022-05-25,"0.248"
"HY",2022-06-01,"0.292"
"HY",2022-06-08,"0.304"
"HY",2022-06-15,"0.305"
"HY",2022-06-22,"0.437"
"HY",2022-06-29,"0.281"
"HY",2022-07-06,"0.271"
"HY",2022-07-13,"0.305"
"HY",2022-07-20,"0.3"
"HY",2022-08-04,"0.301"
"HY",2022-08-10,"0.267"
"HY",2022-08-17,"0.274"
"HY",2022-08-24,"0.306"
"HY",2022-08-31,"0.245"
"HY",2022-09-07,"0.23"
"HY",2022-09-14,"0.274"
"HY",2022-09-21,"0.242"
"HY",2022-09-28,"0.214"
"HY",2022-10-05,"0.215"
"HY",2022-10-12,"0.223"
"HY",2022-10-19,"0.202"
"HY",2022-10-26,"0.261"
"IF",2022-02-09,"0.7"
"IF",2022-02-14,"0.65"
"IF",2022-02-16,"0.6"
"IF",2022-02-23,"0.65"
"IF",2022-02-28,"0.7"
"IF",2022-03-02,"0.7"
"IF",2022-03-07,"0.89"
"IF",2022-03-14,"0.8"
"IF",2022-03-16,"1"
"IF",2022-03-21,"1.4"
"IF",2022-03-23,"1.3"
"IF",2022-03-28,"1.2"
"IF",2022-03-30,"1.2"
"IF",2022-04-04,"1.52"
"IF",2022-04-06,"1.9"
"IF",2022-04-11,"2.5"
"IF",2022-04-13,"3"
"IF",2022-04-20,"2.3"
"IF",2022-04-25,"4.2"
"IF",2022-04-27,"4"
"IF",2022-05-02,"4"
"IF",2022-05-04,"3.6"
"IF",2022-05-09,"4"
"IF",2022-05-11,"2.8"
"IF",2022-05-16,"3.8"
"IF",2022-05-18,"2.5"
"IF",2022-05-23,"2.7"
"IF",2022-05-25,"2.39"
"IF",2022-06-01,"2.8"
"IF",2022-06-06,"3.2"
"IF",2022-06-08,"2.7"
"IF",2022-06-13,"1"
"IF",2022-06-15,"2.02"
"IF",2022-06-20,"1.5"
"IF",2022-06-22,"1.6"
"IF",2022-06-27,"1.2"
"IF",2022-06-29,"1.2"
"IF",2022-07-05,"1.41"
"IF",2022-07-06,"1"
"IF",2022-07-11,"1.6"
"IF",2022-07-13,"1.5"
"IF",2022-07-18,"1.48"
"IF",2022-07-20,"1.85"
"IF",2022-07-25,"2.01"
"IF",2022-07-27,"1.8"
"IF",2022-08-01,"1"
"IF",2022-08-03,"1.3"
"IF",2022-08-08,"0.9"
"IF",2022-08-10,"1"
"IF",2022-08-17,"1.2"
"IF",2022-08-22,"1.1"
"IF",2022-08-24,"1.3"
"IF",2022-08-31,"0.8"
"IF",2022-09-07,"0.7"
"IF",2022-09-12,"0.1"
"IF",2022-09-14,"0.62"
"IF",2022-09-19,"0.85"
"IF",2022-09-21,"0.8"
"IF",2022-09-28,"0.81"
"IF",2022-10-03,"0.75"
"IF",2022-10-05,"0.8"
"IF",2022-10-12,"0.75"
"IF",2022-10-17,"0.6"
"IF",2022-10-19,"0.6"
"IF",2022-10-24,"0.6"
"IF",2022-10-26,"0.6"
"LB",2022-02-08,"0.05"
"LB",2022-02-10,"0.049"
"LB",2022-02-15,"0.052"
"LB",2022-02-24,"0.048"
"LB",2022-02-24,"0.046"
"LB",2022-03-01,"0.049"
"LB",2022-03-03,"0.055"
"LB",2022-03-08,"0.052"
"LB",2022-03-10,"0.05"
"LB",2022-03-15,"0.054"
"LB",2022-03-17,"0.056"
"LB",2022-03-22,"0.053"
"LB",2022-03-29,"0.05"
"LB",2022-03-31,"0.052"
"LB",2022-04-05,"0.056"
"LB",2022-04-07,"0.046"
"LB",2022-04-12,"0.048"
"LB",2022-04-14,"0.048"
"LB",2022-04-19,"0.048"
"LB",2022-04-21,"0.051"
"LB",2022-04-26,"0.048"
"LB",2022-04-28,"0.048"
"LB",2022-05-05,"0.052"
"LB",2022-05-12,"0.049"
"LB",2022-05-17,"0.045"
"LB",2022-05-19,"0.05"
"LB",2022-05-24,"0.051"
"LB",2022-06-02,"0.053"
"LB",2022-06-07,"0.054"
"LB",2022-06-09,"0.06"
"LB",2022-06-14,"0.058"
"LB",2022-06-16,"0.067"
"LB",2022-06-21,"0.057"
"LB",2022-06-23,"0.059"
"LB",2022-06-28,"0.046"
"LB",2022-06-30,"0.052"
"LB",2022-07-07,"0.654"
"LB",2022-07-19,"0.056"
"LB",2022-07-21,"0.056"
"LB",2022-07-26,"0.053"
"LB",2022-07-28,"0.62"
"LB",2022-08-18,"0.057"
"LB",2022-08-23,"0.056"
"LB",2022-08-25,"0.063"
"LB",2022-09-01,"0.056"
"LB",2022-09-08,"0.059"
"LB",2022-09-13,"0.049"
"LB",2022-09-20,"0.053"
"LB",2022-09-22,"0.049"
"LB",2022-09-27,"0.06"
"LB",2022-10-04,"0.045"
"LB",2022-10-06,"0.048"
"LB",2022-10-11,"0.049"
"LB",2022-10-13,"0.048"
"LB",2022-10-18,"0.051"
"LB",2022-10-20,"0.045"
"LB",2022-10-25,"0.052"
"LF",2022-02-09,"0.874"
"LF",2022-02-14,"0.781"
"LF",2022-02-23,"0.735"
"LF",2022-03-02,"0.851"
"LF",2022-03-07,"0.738"
"LF",2022-03-09,"0.834"
"LF",2022-03-14,"0.732"
"LF",2022-03-16,"0.828"
"LF",2022-03-21,"0.949"
"LF",2022-03-23,"1.361"
"LF",2022-03-28,"1.224"
"LF",2022-03-30,"1.285"
"LF",2022-04-04,"1.2"
"LF",2022-04-06,"1.4"
"LF",2022-04-11,"1.49"
"LF",2022-04-13,"1.591"
"LF",2022-04-20,"1.612"
"LF",2022-04-25,"1.506"
"LF",2022-04-27,"1.573"
"LF",2022-05-02,"1.794"
"LF",2022-05-04,"1.75"
"LF",2022-05-11,"1.65"
"LF",2022-05-18,"2.28"
"LF",2022-05-23,"1.92"
"LF",2022-05-25,"1.98"
"LF",2022-06-01,"1.92"
"LF",2022-06-06,"1.67"
"LF",2022-06-08,"10.6"
"LF",2022-06-13,"1.45"
"LF",2022-06-15,"1.49"
"LF",2022-06-20,"1.28"
"LF",2022-06-22,"1.5"
"LF",2022-06-27,"2.073"
"LF",2022-06-29,"2.05"
"LF",2022-07-06,"1.88"
"LF",2022-07-11,"1.53"
"LF",2022-07-18,"1.48"
"LF",2022-07-20,"1.56"
"LF",2022-07-25,"1.23"
"LF",2022-07-27,"1.371"
"LF",2022-08-01,"1.151"
"LF",2022-08-03,"1.267"
"LF",2022-08-10,"1.122"
"LF",2022-08-15,"1.1"
"LF",2022-08-22,"1.04"
"LF",2022-08-24,"1.18"
"LF",2022-08-29,"0.997"
"LF",2022-08-31,"1.04"
"LF",2022-09-07,"0.99"
"LF",2022-09-12,"0.918"
"LF",2022-09-14,"1"
"LF",2022-09-19,"0.931"
"LF",2022-09-21,"0.989"
"LF",2022-09-26,"0.938"
"LF",2022-10-05,"0.95"
"LF",2022-10-12,"0.894"
"LF",2022-10-17,"0.781"
"LF",2022-10-24,"0.78"
"LF",2022-10-26,"0.856"
"LS",2022-02-08,"0.838"
"LS",2022-02-10,"0.839"
"LS",2022-02-15,"0.867"
"LS",2022-02-17,"0.829"
"LS",2022-02-22,"0.822"
"LS",2022-02-24,"0.8"
"LS",2022-03-01,"0.897"
"LS",2022-03-03,"0.818"
"LS",2022-03-08,"0.853"
"LS",2022-03-10,"0.792"
"LS",2022-03-15,"0.818"
"LS",2022-03-17,"0.923"
"LS",2022-03-22,"0.886"
"LS",2022-03-24,"0.975"
"LS",2022-03-29,"0.848"
"LS",2022-03-31,"0.964"
"LS",2022-04-05,"0.871"
"LS",2022-04-07,"0.883"
"LS",2022-04-12,"0.877"
"LS",2022-04-14,"0.891"
"LS",2022-04-19,"0.898"
"LS",2022-04-21,"0.932"
"LS",2022-04-26,"0.919"
"LS",2022-04-28,"0.917"
"LS",2022-05-03,"0.966"
"LS",2022-05-05,"0.935"
"LS",2022-05-10,"0.907"
"LS",2022-05-12,"0.985"
"LS",2022-05-17,"0.995"
"LS",2022-05-19,"0.977"
"LS",2022-05-24,"0.96"
"LS",2022-05-26,"1.047"
"LS",2022-06-02,"1.002"
"LS",2022-06-07,"1.006"
"LS",2022-06-09,"1.041"
"LS",2022-06-14,"0.964"
"LS",2022-06-16,"0.881"
"LS",2022-06-21,"1.065"
"LS",2022-06-23,"0.898"
"LS",2022-06-28,"0.936"
"LS",2022-06-30,"0.994"
"LS",2022-07-07,"0.872"
"LS",2022-07-12,"1.065"
"LS",2022-07-14,"0.882"
"LS",2022-07-19,"0.911"
"LS",2022-07-21,"0.913"
"LS",2022-07-26,"0.776"
"LS",2022-07-28,"0.911"
"LS",2022-08-02,"1.012"
"LS",2022-08-04,"0.394"
"LS",2022-08-09,"0.69"
"LS",2022-08-16,"0.924"
"LS",2022-08-18,"0.813"
"LS",2022-08-23,"0.076"
"LS",2022-08-25,"0.903"
"LS",2022-08-30,"0.873"
"LS",2022-09-01,"0.924"
"LS",2022-09-06,"0.973"
"LS",2022-09-08,"0.983"
"LS",2022-09-15,"0.93"
"LS",2022-09-20,"0.834"
"LS",2022-09-22,"0.907"
"LS",2022-09-27,"0.919"
"LS",2022-09-29,"0.9"
"LS",2022-10-06,"0.875"
"LS",2022-10-11,"0.855"
"LS",2022-10-18,"0.85"
"LS",2022-10-25,"1.031"
"LS",2022-10-27,"1.033"
"LY",2022-02-08,"0.037"
"LY",2022-02-16,"0.035"
"LY",2022-02-23,"0.048"
"LY",2022-02-24,"0.034"
"LY",2022-03-01,"0.034"
"LY",2022-03-02,"0.035"
"LY",2022-03-07,"0.083"
"LY",2022-03-21,"0.076"
"LY",2022-03-23,"0.121"
"LY",2022-03-30,"0.085"
"LY",2022-04-05,"0.09"
"LY",2022-04-12,"0.101"
"LY",2022-04-13,"0.118"
"LY",2022-04-19,"0.113"
"LY",2022-04-27,"0.148"
"LY",2022-05-03,"0.166"
"LY",2022-05-04,"0.156"
"LY",2022-05-10,"0.107"
"LY",2022-05-17,"0.113"
"LY",2022-05-18,"0.119"
"LY",2022-05-24,"0.096"
"LY",2022-05-25,"0.085"
"LY",2022-06-01,"0.087"
"LY",2022-06-02,"0.071"
"LY",2022-06-07,"0.061"
"LY",2022-06-08,"0.059"
"LY",2022-06-14,"0.05"
"LY",2022-06-15,"0.048"
"LY",2022-06-21,"0.042"
"LY",2022-06-22,"0.039"
"LY",2022-06-27,"0.033"
"LY",2022-06-28,"0.032"
"LY",2022-07-05,"0.036"
"LY",2022-07-06,"0.034"
"LY",2022-07-11,"0.061"
"LY",2022-07-13,"0.044"
"LY",2022-07-19,"0.04"
"LY",2022-07-26,"0.039"
"LY",2022-07-27,"0.036"
"LY",2022-08-03,"0.034"
"LY",2022-08-09,"0.655"
"LY",2022-08-10,"0.035"
"LY",2022-08-24,"0.033"
"LY",2022-08-30,"0.029"
"LY",2022-08-30,"0.033"
"LY",2022-09-08,"0.039"
"LY",2022-09-13,"0.029"
"LY",2022-09-20,"0.024"
"LY",2022-09-21,"0.028"
"LY",2022-10-05,"0.024"
"LY",2022-10-06,"0.028"
"LY",2022-10-11,"0.039"
"LY",2022-10-12,"0.023"
"LY",2022-10-18,"0.039"
"LY",2022-10-19,"0.023"
"LY",2022-10-25,"0.023"
"LY",2022-10-27,"0.024"
"MH",2022-02-09,"3.43"
"MH",2022-02-14,"3.47"
"MH",2022-02-16,"3.3"
"MH",2022-02-22,"3.3"
"MH",2022-02-23,"3.21"
"MH",2022-02-28,"3.52"
"MH",2022-03-02,"3.27"
"MH",2022-03-07,"3.54"
"MH",2022-03-09,"3.44"
"MH",2022-03-14,"3.65"
"MH",2022-03-16,"3.79"
"MH",2022-03-23,"5.49"
"MH",2022-03-28,"4.76"
"MH",2022-03-30,"4.49"
"MH",2022-04-04,"4.58"
"MH",2022-04-06,"4.99"
"MH",2022-04-11,"5.85"
"MH",2022-04-13,"5.48"
"MH",2022-04-18,"5.6"
"MH",2022-04-20,"6.04"
"MH",2022-04-25,"9.73"
"MH",2022-04-27,"7.92"
"MH",2022-04-28,"0.274"
"MH",2022-05-02,"12.55"
"MH",2022-05-04,"8.93"
"MH",2022-05-09,"7.99"
"MH",2022-05-11,"12.54"
"MH",2022-05-16,"8.14"
"MH",2022-05-18,"6.87"
"MH",2022-05-23,"6.05"
"MH",2022-05-25,"5.61"
"MH",2022-06-01,"5.61"
"MH",2022-06-08,"4.67"
"MH",2022-06-13,"4.6"
"MH",2022-07-06,"4.14"
"MH",2022-07-13,"4.14"
"MH",2022-07-18,"5.86"
"MH",2022-07-20,"5.31"
"MH",2022-08-03,"3.94"
"MH",2022-08-08,"4.18"
"MH",2022-08-15,"4.05"
"MH",2022-08-24,"4.24"
"MH",2022-08-29,"4.57"
"MH",2022-08-31,"4.05"
"MH",2022-09-12,"3.92"
"MH",2022-09-14,"3.7"
"MH",2022-09-19,"3.92"
"MH",2022-09-21,"3.56"
"MH",2022-09-26,"2.56"
"MH",2022-09-28,"2.86"
"MH",2022-10-03,"3.78"
"MH",2022-10-05,"3.58"
"MH",2022-10-10,"3.79"
"MH",2022-10-19,"3.39"
"MH",2022-10-24,"3.73"
"MK",2022-02-09,"7.37"
"MK",2022-02-14,"7.08"
"MK",2022-02-16,"7.14"
"MK",2022-02-22,"6.97"
"MK",2022-02-23,"7.03"
"MK",2022-02-28,"7.69"
"MK",2022-03-03,"6.97"
"MK",2022-03-07,"6.82"
"MK",2022-03-09,"6.64"
"MK",2022-03-14,"7.34"
"MK",2022-03-16,"9.26"
"MK",2022-03-21,"7.74"
"MK",2022-03-23,"8.63"
"MK",2022-03-29,"7.49"
"MK",2022-03-30,"8.73"
"MK",2022-04-04,"8.73"
"MK",2022-04-06,"8.43"
"MK",2022-04-11,"8.65"
"MK",2022-04-13,"9.54"
"MK",2022-04-18,"8.33"
"MK",2022-04-20,"8.87"
"MK",2022-04-25,"8.88"
"MK",2022-04-27,"8.77"
"MK",2022-05-02,"10.59"
"MK",2022-05-04,"10.7"
"MK",2022-05-10,"8.84"
"MK",2022-05-11,"9.16"
"MK",2022-05-16,"9.04"
"MK",2022-05-18,"8.94"
"MK",2022-05-23,"8.22"
"MK",2022-05-25,"8.55"
"MK",2022-05-31,"8.53"
"MK",2022-06-01,"9.31"
"MK",2022-06-02,"8.22"
"MK",2022-06-03,"7.91"
"MK",2022-06-04,"8.01"
"MK",2022-06-05,"8.28"
"MK",2022-06-06,"8.32"
"MK",2022-06-07,"8.58"
"MK",2022-06-08,"8.37"
"MK",2022-06-09,"7.92"
"MK",2022-06-10,"7.94"
"MK",2022-06-11,"7.32"
"MK",2022-06-12,"7.81"
"MK",2022-06-13,"8.48"
"MK",2022-06-14,"8.14"
"MK",2022-06-15,"7.84"
"MK",2022-06-16,"8.22"
"MK",2022-06-17,"7.74"
"MK",2022-06-18,"7.31"
"MK",2022-06-19,"7"
"MK",2022-06-20,"7.91"
"MK",2022-06-21,"8.26"
"MK",2022-06-22,"8.25"
"MK",2022-06-23,"8.26"
"MK",2022-06-24,"7.82"
"MK",2022-06-25,"7.02"
"MK",2022-06-26,"6.95"
"MK",2022-06-27,"7.56"
"MK",2022-06-28,"7.47"
"MK",2022-06-29,"7.58"
"MK",2022-06-30,"7.52"
"MK",2022-07-01,"7.46"
"MK",2022-07-02,"6.35"
"MK",2022-07-03,"6.6"
"MK",2022-07-04,"6.02"
"MK",2022-07-05,"7.48"
"MK",2022-07-06,"7.62"
"MK",2022-07-07,"7.41"
"MK",2022-07-08,"7.96"
"MK",2022-07-09,"7.24"
"MK",2022-07-10,"7.15"
"MK",2022-07-11,"6.96"
"MK",2022-07-12,"7.6"
"MK",2022-07-13,"7.57"
"MK",2022-07-14,"7.51"
"MK",2022-07-15,"7.76"
"MK",2022-07-16,"6.9"
"MK",2022-07-17,"6.88"
"MK",2022-07-18,"7.53"
"MK",2022-07-19,"7.49"
"MK",2022-07-20,"7.29"
"MK",2022-07-21,"8.06"
"MK",2022-07-22,"7.61"
"MK",2022-07-23,"6.85"
"MK",2022-07-24,"6.87"
"MK",2022-07-25,"6.91"
"MK",2022-07-26,"7.33"
"MK",2022-07-27,"7"
"MK",2022-07-28,"6.89"
"MK",2022-07-29,"6.86"
"MK",2022-07-30,"6.45"
"MK",2022-07-31,"6.78"
"MK",2022-08-01,"6.97"
"MK",2022-08-02,"7.18"
"MK",2022-08-03,"7.21"
"MK",2022-08-04,"7.38"
"MK",2022-08-05,"7.15"
"MK",2022-08-06,"7.14"
"MK",2022-08-07,"7.32"
"MK",2022-08-08,"7.27"
"MK",2022-08-09,"7.53"
"MK",2022-08-10,"7.11"
"MK",2022-08-11,"7.17"
"MK",2022-08-12,"6.95"
"MK",2022-08-13,"6.67"
"MK",2022-08-14,"6.66"
"MK",2022-08-15,"7.5"
"MK",2022-08-16,"7.06"
"MK",2022-08-17,"7.35"
"MK",2022-08-18,"7.37"
"MK",2022-08-19,"7.46"
"MK",2022-08-20,"6.78"
"MK",2022-08-21,"6.78"
"MK",2022-08-22,"7.4"
"MK",2022-08-23,"7.54"
"MK",2022-08-24,"7.23"
"MK",2022-08-25,"7.28"
"MK",2022-08-26,"7.05"
"MK",2022-08-27,"7"
"MK",2022-08-28,"6.97"
"MK",2022-08-29,"7.39"
"MK",2022-08-30,"7.41"
"MK",2022-08-31,"7.2"
"MK",2022-09-01,"7.26"
"MK",2022-09-02,"7.24"
"MK",2022-09-03,"7.26"
"MK",2022-09-04,"6.22"
"MK",2022-09-05,"6.75"
"MK",2022-09-06,"7.33"
"MK",2022-09-07,"7.48"
"MK",2022-09-08,"7.58"
"MK",2022-09-09,"7.07"
"MK",2022-09-10,"6.62"
"MK",2022-09-11,"6.77"
"MK",2022-09-12,"7.46"
"MK",2022-09-13,"7.06"
"MK",2022-09-14,"7.29"
"MK",2022-09-15,"7.44"
"MK",2022-09-16,"7.25"
"MK",2022-09-17,"6.73"
"MK",2022-09-18,"6.96"
"MK",2022-09-19,"7.05"
"MK",2022-09-20,"7.14"
"MK",2022-09-21,"7.37"
"MK",2022-09-22,"7.02"
"MK",2022-09-23,"7.53"
"MK",2022-09-24,"6.55"
"MK",2022-09-25,"6.73"
"MK",2022-09-26,"6.08"
"MK",2022-09-27,"6.73"
"MK",2022-09-28,"6.75"
"MK",2022-09-29,"6.72"
"MK",2022-09-30,"6.59"
"MK",2022-10-01,"6.51"
"MK",2022-10-02,"6.645"
"MK",2022-10-03,"6.69"
"MK",2022-10-04,"7.28"
"MK",2022-10-05,"6.72"
"MK",2022-10-06,"7.24"
"MK",2022-10-07,"7.03"
"MK",2022-10-08,"6.76"
"MK",2022-10-09,"6.76"
"MK",2022-10-10,"7.13"
"MK",2022-10-11,"8.19"
"MK",2022-10-12,"6.75"
"MK",2022-10-13,"6.84"
"MK",2022-10-14,"7.66"
"MK",2022-10-15,"6.48"
"MK",2022-10-16,"6.37"
"MK",2022-10-17,"6.66"
"MK",2022-10-18,"6.54"
"MK",2022-10-19,"6.54"
"MK",2022-10-20,"6.84"
"MK",2022-10-21,"7.68"
"MK",2022-10-22,"7.34"
"MK",2022-10-23,"7.73"
"MK",2022-10-24,"6.011"
"MK",2022-10-25,"6.7"
"MK",2022-10-26,"6.8"
"MK",2022-10-27,"6.83"
"MK",2022-10-28,"6.8"
"MK",2022-10-29,"6.46"
"MK",2022-10-30,"6.3"
"MK",2022-10-31,"6.77"
"ML",2022-02-09,"2.29"
"ML",2022-02-14,"1.65"
"ML",2022-02-16,"2.36"
"ML",2022-02-22,"2.19"
"ML",2022-02-23,"2.23"
"ML",2022-02-28,"1.65"
"ML",2022-03-02,"2.42"
"ML",2022-03-07,"1.55"
"ML",2022-03-09,"2.24"
"ML",2022-03-14,"1.63"
"ML",2022-03-16,"2.59"
"ML",2022-03-21,"1.8"
"ML",2022-03-23,"2.61"
"ML",2022-03-28,"1.86"
"ML",2022-03-30,"2.5"
"ML",2022-04-04,"1.82"
"ML",2022-04-06,"2.48"
"ML",2022-04-11,"2.08"
"ML",2022-04-13,"2.85"
"ML",2022-04-18,"2.03"
"ML",2022-04-20,"2.84"
"ML",2022-04-25,"2.07"
"ML",2022-04-27,"2.63"
"ML",2022-05-02,"2.97"
"ML",2022-05-04,"3.21"
"ML",2022-05-09,"2.65"
"ML",2022-05-11,"2.95"
"ML",2022-05-16,"3.57"
"ML",2022-05-18,"3.92"
"ML",2022-05-23,"2.63"
"ML",2022-05-25,"3.19"
"ML",2022-05-30,"2.42"
"ML",2022-06-01,"2.97"
"ML",2022-06-06,"2.18"
"ML",2022-06-08,"2.58"
"ML",2022-06-13,"1.97"
"ML",2022-06-14,"2.59"
"ML",2022-06-20,"1.92"
"ML",2022-06-22,"2.69"
"ML",2022-06-27,"1.71"
"ML",2022-06-29,"2.43"
"ML",2022-07-05,"1.65"
"ML",2022-07-06,"2.39"
"ML",2022-07-11,"1.87"
"ML",2022-07-13,"2.43"
"ML",2022-07-18,"1.81"
"ML",2022-07-19,"2.46"
"ML",2022-07-25,"1.79"
"ML",2022-07-26,"2.31"
"ML",2022-08-01,"1.7"
"ML",2022-08-03,"2.25"
"ML",2022-08-08,"1.68"
"ML",2022-08-10,"2.37"
"ML",2022-08-15,"1.53"
"ML",2022-08-17,"2.24"
"ML",2022-08-22,"1.62"
"ML",2022-08-24,"2.33"
"ML",2022-08-29,"1.65"
"ML",2022-08-31,"2.26"
"ML",2022-09-06,"1.58"
"ML",2022-09-07,"1.77"
"ML",2022-09-12,"1.68"
"ML",2022-09-14,"2.24"
"ML",2022-09-19,"1.66"
"ML",2022-09-21,"2.29"
"ML",2022-09-26,"1.65"
"ML",2022-09-28,"2.3"
"ML",2022-10-03,"1.67"
"ML",2022-10-05,"2.26"
"ML",2022-10-10,"1.61"
"ML",2022-10-11,"2.14"
"ML",2022-10-19,"2.11"
"ML",2022-10-24,"1.62"
"ML",2022-10-26,"2.3"
"MR",2022-02-10,"0.2533"
"MR",2022-02-15,"0.229"
"MR",2022-02-17,"0.241"
"MR",2022-02-22,"2.184"
"MR",2022-02-24,"0.2206"
"MR",2022-03-01,"0.2578"
"MR",2022-03-03,"0.7"
"MR",2022-03-08,"0.251"
"MR",2022-03-10,"0.253"
"MR",2022-03-15,"0.248"
"MR",2022-03-17,"0.268"
"MR",2022-03-22,"0.3176"
"MR",2022-03-24,"0.2774"
"MR",2022-03-29,"0.249"
"MR",2022-03-31,"0.2464"
"MR",2022-04-05,"0.2569"
"MR",2022-04-07,"0.294"
"MR",2022-04-12,"0.2487"
"MR",2022-04-14,"0.291"
"MR",2022-04-19,"0.256"
"MR",2022-04-21,"0.2699"
"MR",2022-04-26,"0.2659"
"MR",2022-05-03,"0.3401"
"MR",2022-05-05,"0.3004"
"MR",2022-05-10,"0.3097"
"MR",2022-05-12,"0.597"
"MR",2022-05-17,"0.4885"
"MR",2022-05-19,"0.449"
"MR",2022-05-24,"0.35"
"MR",2022-05-26,"0.347"
"MR",2022-05-31,"0.355"
"MR",2022-06-02,"0.354"
"MR",2022-06-07,"0.3358"
"MR",2022-06-09,"0.3253"
"MR",2022-06-14,"0.3085"
"MR",2022-06-16,"0.3234"
"MR",2022-06-23,"0.3049"
"MR",2022-06-28,"0.204"
"MR",2022-06-30,"0.3"
"MR",2022-07-05,"0.294"
"MR",2022-07-12,"0.298"
"MR",2022-07-14,"0.27"
"MR",2022-07-21,"0.283"
"MR",2022-07-24,"0.269"
"MR",2022-07-28,"2.72"
"MR",2022-08-02,"2.666"
"MR",2022-08-04,"0.2645"
"MR",2022-08-09,"0.262"
"MR",2022-08-11,"0.2554"
"MR",2022-08-16,"0.337"
"MR",2022-08-18,"0.331"
"MR",2022-08-25,"0.258"
"MR",2022-08-30,"0.309"
"MR",2022-09-01,"0.267"
"MR",2022-09-06,"0.256"
"MR",2022-09-08,"0.026"
"MR",2022-09-13,"0.2565"
"MR",2022-09-15,"0.24"
"MR",2022-09-20,"0.253"
"MR",2022-09-27,"0.25"
"MR",2022-09-29,"0.253"
"MR",2022-10-04,"0.243"
"MR",2022-10-06,"0.245"
"MR",2022-10-11,"0.255"
"MR",2022-10-13,"0.2378"
"MR",2022-10-18,"0.2398"
"MR",2022-10-20,"0.228"
"MR",2022-10-25,"0.268"
"MR",2022-10-27,"0.252"
"NB",2022-02-09,"0.439"
"NB",2022-02-14,"0.395"
"NB",2022-02-16,"0.395"
"NB",2022-02-23,"0.355"
"NB",2022-02-28,"0.428"
"NB",2022-03-02,"0.407"
"NB",2022-03-07,"0.403"
"NB",2022-03-09,"0.37"
"NB",2022-03-14,"0.397"
"NB",2022-03-16,"0.393"
"NB",2022-03-21,"0.401"
"NB",2022-03-23,"0.36"
"NB",2022-03-28,"0.4"
"NB",2022-03-30,"0.385"
"NB",2022-04-04,"0.41"
"NB",2022-04-06,"0.371"
"NB",2022-04-11,"0.413"
"NB",2022-04-13,"0.39"
"NB",2022-04-18,"0.395"
"NB",2022-04-20,"0.399"
"NB",2022-04-25,"0.414"
"NB",2022-04-27,"0.401"
"NB",2022-05-02,"0.435"
"NB",2022-05-04,"0.423"
"NB",2022-05-09,"0.408"
"NB",2022-05-11,"0.44"
"NB",2022-05-16,"0.47"
"NB",2022-05-18,"0.445"
"NB",2022-05-23,"0.455"
"NB",2022-05-25,"0.449"
"NB",2022-06-01,"0.452"
"NB",2022-06-08,"0.432"
"NB",2022-06-13,"0.429"
"NB",2022-06-15,"0.408"
"NB",2022-06-20,"0.405"
"NB",2022-06-22,"0.395"
"NB",2022-06-27,"0.406"
"NB",2022-06-29,"0.381"
"NB",2022-07-06,"0.383"
"NB",2022-07-11,"0.394"
"NB",2022-07-13,"0.388"
"NB",2022-07-18,"0.393"
"NB",2022-07-20,"0.376"
"NB",2022-07-25,"0.398"
"NB",2022-07-27,"0.384"
"NB",2022-08-01,"0.382"
"NB",2022-08-08,"0.395"
"NB",2022-08-15,"0.392"
"NB",2022-08-17,"1.393"
"NB",2022-08-22,"0.399"
"NB",2022-08-24,"0.382"
"NB",2022-08-29,"0.422"
"NB",2022-08-31,"0.39"
"NB",2022-09-07,"0.406"
"NB",2022-09-12,"0.412"
"NB",2022-09-14,"0.371"
"NB",2022-09-21,"0.392"
"NB",2022-09-26,"0.395"
"NB",2022-10-03,"0.416"
"NB",2022-10-05,"0.383"
"NB",2022-10-10,"0.417"
"NB",2022-10-12,"0.382"
"NB",2022-10-17,"0.392"
"NB",2022-10-19,"0.38"
"NB",2022-10-24,"0.381"
"NB",2022-10-26,"0.406"
"NF",2022-02-07,"1.652"
"NF",2022-02-09,"1.883"
"NF",2022-02-14,"1.71"
"NF",2022-02-16,"1.96"
"NF",2022-02-21,"1.76"
"NF",2022-02-23,"1.856"
"NF",2022-02-28,"1.738"
"NF",2022-03-02,"1.934"
"NF",2022-03-04,"1.794"
"NF",2022-03-14,"1.673"
"NF",2022-03-16,"2.005"
"NF",2022-03-21,"1.733"
"NF",2022-03-23,"1.942"
"NF",2022-03-28,"1.682"
"NF",2022-03-30,"1.928"
"NF",2022-04-04,"1.798"
"NF",2022-04-06,"2.09"
"NF",2022-04-11,"1.925"
"NF",2022-04-18,"2.055"
"NF",2022-04-20,"2.107"
"NF",2022-04-25,"2.136"
"NF",2022-04-27,"2.177"
"NF",2022-05-02,"2.479"
"NF",2022-05-04,"2.463"
"NF",2022-05-09,"2.145"
"NF",2022-05-11,"2.3"
"NF",2022-05-16,"2.226"
"NF",2022-05-18,"2.35"
"NF",2022-05-23,"2.117"
"NF",2022-05-25,"2.25"
"NF",2022-06-01,"2.024"
"NF",2022-06-02,"2.038"
"NF",2022-06-06,"1.908"
"NF",2022-06-08,"2.137"
"NF",2022-06-13,"1.838"
"NF",2022-06-15,"2.053"
"NF",2022-06-20,"1.832"
"NF",2022-06-22,"2.094"
"NF",2022-06-27,"1.696"
"NF",2022-06-29,"1.895"
"NF",2022-07-05,"1.749"
"NF",2022-07-06,"1.943"
"NF",2022-07-11,"1.711"
"NF",2022-07-13,"1.986"
"NF",2022-07-18,"1.782"
"NF",2022-07-20,"1.97"
"NF",2022-07-25,"1.627"
"NF",2022-07-27,"1.867"
"NF",2022-08-01,"1.702"
"NF",2022-08-03,"1.927"
"NF",2022-08-08,"1.661"
"NF",2022-08-10,"1.845"
"NF",2022-08-15,"1.658"
"NF",2022-08-17,"1.897"
"NF",2022-08-22,"1.604"
"NF",2022-08-24,"1.848"
"NF",2022-08-29,"1.921"
"NF",2022-08-31,"1.935"
"NF",2022-09-06,"1.926"
"NF",2022-09-07,"2.046"
"NF",2022-09-12,"1.818"
"NF",2022-09-14,"1.958"
"NF",2022-09-19,"1.759"
"NF",2022-09-21,"2.026"
"NF",2022-09-26,"1.729"
"NF",2022-09-28,"1.904"
"NF",2022-10-03,"1.706"
"NF",2022-10-05,"1.82"
"NF",2022-10-10,"1.779"
"NF",2022-10-12,"1.86"
"NF",2022-10-17,"1.4"
"NF",2022-10-24,"1.736"
"NF",2022-10-26,"1.914"
"NP",2022-02-09,"0.835"
"NP",2022-02-14,"0.595"
"NP",2022-02-16,"0.586"
"NP",2022-02-22,"0.583"
"NP",2022-02-23,"0.7"
"NP",2022-02-28,"0.589"
"NP",2022-03-02,"0.572"
"NP",2022-03-07,"0.607"
"NP",2022-03-09,"0.769"
"NP",2022-03-14,"0.543"
"NP",2022-03-16,"0.622"
"NP",2022-03-21,"0.637"
"NP",2022-03-23,"1.063"
"NP",2022-03-28,"0.711"
"NP",2022-03-30,"0.702"
"NP",2022-04-04,"0.736"
"NP",2022-04-06,"0.889"
"NP",2022-04-11,"0.828"
"NP",2022-04-13,"0.865"
"NP",2022-04-18,"0.816"
"NP",2022-04-20,"0.925"
"NP",2022-04-25,"1.15"
"NP",2022-04-27,"0.975"
"NP",2022-05-02,"1.643"
"NP",2022-05-04,"1.347"
"NP",2022-05-09,"0.916"
"NP",2022-05-11,"0.913"
"NP",2022-05-16,"1.047"
"NP",2022-05-18,"1.141"
"NP",2022-05-23,"0.834"
"NP",2022-05-25,"0.797"
"NP",2022-05-31,"0.853"
"NP",2022-06-01,"1.024"
"NP",2022-06-06,"0.785"
"NP",2022-06-08,"0.705"
"NP",2022-06-13,"0.674"
"NP",2022-06-15,"0.842"
"NP",2022-06-20,"0.64"
"NP",2022-06-27,"0.602"
"NP",2022-06-29,"0.799"
"NP",2022-07-05,"0.585"
"NP",2022-07-06,"0.591"
"NP",2022-07-11,"0.613"
"NP",2022-07-13,"0.833"
"NP",2022-07-18,"0.615"
"NP",2022-07-20,"0.586"
"NP",2022-07-25,"0.582"
"NP",2022-07-27,"0.618"
"NP",2022-08-01,"0.593"
"NP",2022-08-03,"0.592"
"NP",2022-08-08,"0.611"
"NP",2022-08-10,"0.732"
"NP",2022-08-15,"0.579"
"NP",2022-08-17,"0.598"
"NP",2022-08-22,"0.593"
"NP",2022-08-24,"0.753"
"NP",2022-08-29,"0.659"
"NP",2022-08-31,"0.606"
"NP",2022-09-06,"0.601"
"NP",2022-09-07,"0.747"
"NP",2022-09-12,"0.573"
"NP",2022-09-14,"0.566"
"NP",2022-09-19,"0.591"
"NP",2022-09-20,"0.793"
"NP",2022-09-26,"0.573"
"NP",2022-09-28,"0.578"
"NP",2022-10-03,"0.576"
"NP",2022-10-05,"0.699"
"NP",2022-10-10,"0.596"
"NP",2022-10-12,"0.586"
"NP",2022-10-17,"0.57"
"NP",2022-10-19,"0.714"
"NP",2022-10-24,"0.531"
"NP",2022-10-26,"0.568"
"RC",2022-02-06,"9.62"
"RC",2022-02-08,"9.85"
"RC",2022-02-13,"9.36"
"RC",2022-02-15,"9.85"
"RC",2022-02-22,"9.86"
"RC",2022-02-22,"9.86"
"RC",2022-02-27,"9.62"
"RC",2022-03-01,"10.39"
"RC",2022-03-06,"10.7"
"RC",2022-03-08,"10.38"
"RC",2022-03-13,"9.71"
"RC",2022-03-15,"10.56"
"RC",2022-03-20,"10.12"
"RC",2022-03-22,"11.22"
"RC",2022-03-27,"9.57"
"RC",2022-03-29,"10.06"
"RC",2022-04-03,"10.12"
"RC",2022-04-05,"10.81"
"RC",2022-04-10,"10.26"
"RC",2022-04-12,"11.12"
"RC",2022-04-17,"10.37"
"RC",2022-04-19,"11.14"
"RC",2022-04-24,"11.35"
"RC",2022-04-26,"11.36"
"RC",2022-05-01,"12.73"
"RC",2022-05-03,"12.49"
"RC",2022-05-08,"10.84"
"RC",2022-05-10,"12.05"
"RC",2022-05-15,"10.95"
"RC",2022-05-17,"11.82"
"RC",2022-05-22,"10.89"
"RC",2022-05-24,"11.48"
"RC",2022-05-30,"11.92"
"RC",2022-05-31,"12.21"
"RC",2022-06-05,"10.73"
"RC",2022-06-07,"12"
"RC",2022-06-12,"10.46"
"RC",2022-06-14,"12.29"
"RC",2022-06-19,"10.41"
"RC",2022-06-21,"12.23"
"RC",2022-06-26,"10.66"
"RC",2022-06-28,"12.11"
"RC",2022-07-04,"10.96"
"RC",2022-07-05,"11.92"
"RC",2022-07-10,"10.63"
"RC",2022-07-12,"11.47"
"RC",2022-07-17,"10.68"
"RC",2022-07-19,"11.75"
"RC",2022-07-24,"11.57"
"RC",2022-07-26,"11.9"
"RC",2022-07-31,"10.29"
"RC",2022-08-02,"11.31"
"RC",2022-08-07,"11.26"
"RC",2022-08-09,"11.33"
"RC",2022-08-14,"10.64"
"RC",2022-08-16,"11.37"
"RC",2022-08-21,"10.83"
"RC",2022-08-23,"11.62"
"RC",2022-08-28,"11.99"
"RC",2022-08-30,"12.1"
"RC",2022-09-05,"10.95"
"RC",2022-09-06,"11.59"
"RC",2022-09-11,"10.31"
"RC",2022-09-13,"11.15"
"RC",2022-09-18,"10.72"
"RC",2022-09-20,"11.29"
"RC",2022-09-25,"9.75"
"RC",2022-09-27,"10.82"
"RC",2022-10-02,"10.11"
"RC",2022-10-04,"10.82"
"RC",2022-10-09,"9.63"
"RC",2022-10-11,"11.21"
"RC",2022-10-16,"9.6"
"RC",2022-10-18,"10.36"
"RC",2022-10-23,"9.77"
"RC",2022-10-25,"10.25"
"SD",2022-02-07,"9.4"
"SD",2022-02-09,"9.5"
"SD",2022-02-14,"9.4"
"SD",2022-02-16,"9.3"
"SD",2022-02-21,"9.4"
"SD",2022-02-23,"9.2"
"SD",2022-02-28,"9.4"
"SD",2022-03-02,"9.6"
"SD",2022-03-06,"9.2"
"SD",2022-03-09,"9"
"SD",2022-03-14,"9.6"
"SD",2022-03-16,"10.3"
"SD",2022-03-21,"10.2"
"SD",2022-03-23,"10.6"
"SD",2022-03-28,"9.8"
"SD",2022-03-30,"9.7"
"SD",2022-04-04,"9.8"
"SD",2022-04-06,"10.3"
"SD",2022-04-11,"10.2"
"SD",2022-04-13,"10.1"
"SD",2022-04-18,"9.8"
"SD",2022-04-20,"10.2"
"SD",2022-04-25,"10.23"
"SD",2022-04-27,"10.2"
"SD",2022-05-02,"10.1"
"SD",2022-05-04,"10.5"
"SD",2022-05-09,"10.5"
"SD",2022-05-11,"11.2"
"SD",2022-05-16,"16.4"
"SD",2022-05-18,"15.4"
"SD",2022-05-22,"13.3"
"SD",2022-05-24,"13"
"SD",2022-05-31,"13.5"
"SD",2022-06-01,"13.5"
"SD",2022-06-13,"11.3"
"SD",2022-06-15,"11.8"
"SD",2022-06-20,"10.7"
"SD",2022-06-22,"11.3"
"SD",2022-06-27,"13.8"
"SD",2022-06-29,"13.5"
"SD",2022-07-05,"12.1"
"SD",2022-07-06,"12.5"
"SD",2022-07-11,"11.5"
"SD",2022-07-13,"11.7"
"SD",2022-07-18,"11.1"
"SD",2022-07-20,"11.5"
"SD",2022-07-27,"11.5"
"SD",2022-08-01,"10.4"
"SD",2022-08-03,"10.9"
"SD",2022-08-08,"10.4"
"SD",2022-08-10,"10.9"
"SD",2022-08-15,"10.2"
"SD",2022-08-17,"10.7"
"SD",2022-08-22,"10.5"
"SD",2022-08-24,"10.9"
"SD",2022-08-29,"10.5"
"SD",2022-08-31,"10.9"
"SD",2022-09-06,"10.2"
"SD",2022-09-07,"10.9"
"SD",2022-09-12,"10"
"SD",2022-09-14,"10.4"
"SD",2022-09-19,"10.1"
"SD",2022-09-21,"10.5"
"SD",2022-09-26,"9.8"
"SD",2022-09-28,"10"
"SD",2022-10-03,"9.7"
"SD",2022-10-05,"10.1"
"SD",2022-10-10,"9.6"
"SD",2022-10-12,"9.8"
"SD",2022-10-17,"9.6"
"SD",2022-10-19,"9.5"
"SD",2022-10-24,"9.7"
"SD",2022-10-26,"9.7"
"SN",2022-02-08,"19.77"
"SN",2022-02-10,"19.43"
"SN",2022-02-15,"19.57"
"SN",2022-02-17,"19.71"
"SN",2022-02-22,"19.33"
"SN",2022-02-24,"19.45"
"SN",2022-03-01,"19.69"
"SN",2022-03-03,"19.44"
"SN",2022-03-08,"19.77"
"SN",2022-03-10,"19.65"
"SN",2022-03-15,"21.23"
"SN",2022-03-17,"20.64"
"SN",2022-03-22,"21.15"
"SN",2022-03-24,"20.23"
"SN",2022-03-29,"19.8"
"SN",2022-03-31,"20.35"
"SN",2022-04-05,"20.83"
"SN",2022-04-07,"20.66"
"SN",2022-04-12,"20.61"
"SN",2022-04-14,"21.34"
"SN",2022-04-19,"20.76"
"SN",2022-04-21,"21.24"
"SN",2022-04-26,"21.01"
"SN",2022-04-28,"20.93"
"SN",2022-05-05,"20.79"
"SN",2022-05-10,"21.5"
"SN",2022-05-12,"23.88"
"SN",2022-05-17,"21.5"
"SN",2022-05-19,"21.63"
"SN",2022-05-24,"20.84"
"SN",2022-05-26,"20.73"
"SN",2022-05-31,"21.7"
"SN",2022-06-01,"20.93"
"SN",2022-06-02,"20.26"
"SN",2022-06-02,"20.74"
"SN",2022-06-03,"20.66"
"SN",2022-06-04,"20.41"
"SN",2022-06-05,"20.81"
"SN",2022-06-06,"21.58"
"SN",2022-06-07,"20.56"
"SN",2022-06-07,"20.68"
"SN",2022-06-08,"21.02"
"SN",2022-06-09,"20.78"
"SN",2022-06-09,"20.9"
"SN",2022-06-10,"20.99"
"SN",2022-06-11,"20.76"
"SN",2022-06-12,"20.69"
"SN",2022-06-13,"21.59"
"SN",2022-06-14,"21.45"
"SN",2022-06-14,"21.34"
"SN",2022-06-15,"21.14"
"SN",2022-06-16,"20.8"
"SN",2022-06-16,"20.8"
"SN",2022-06-17,"20.57"
"SN",2022-06-18,"19.97"
"SN",2022-06-19,"20.13"
"SN",2022-06-20,"21.48"
"SN",2022-06-21,"21.03"
"SN",2022-06-22,"20.63"
"SN",2022-06-23,"20.71"
"SN",2022-06-24,"20.81"
"SN",2022-06-25,"20.309999999999999"
"SN",2022-06-26,"19.77"
"SN",2022-06-27,"20.63"
"SN",2022-06-28,"20.66"
"SN",2022-06-29,"20.65"
"SN",2022-06-30,"20.76"
"SN",2022-07-01,"20.010000000000002"
"SN",2022-07-02,"18.95"
"SN",2022-07-03,"18.100000000000001"
"SN",2022-07-04,"19.07"
"SN",2022-07-05,"20.61"
"SN",2022-07-06,"20.420000000000002"
"SN",2022-07-07,"21.2"
"SN",2022-07-08,"20.81"
"SN",2022-07-09,"19.95"
"SN",2022-07-10,"20.13"
"SN",2022-07-11,"20.65"
"SN",2022-07-12,"20.56"
"SN",2022-07-13,"20.89"
"SN",2022-07-14,"21.01"
"SN",2022-07-15,"20.67"
"SN",2022-07-16,"20.170000000000002"
"SN",2022-07-17,"20.16"
"SN",2022-07-18,"21.13"
"SN",2022-07-19,"20.64"
"SN",2022-07-20,"20.83"
"SN",2022-07-21,"20.43"
"SN",2022-07-22,"20.55"
"SN",2022-07-23,"20.22"
"SN",2022-07-24,"19.89"
"SN",2022-07-25,"20.41"
"SN",2022-07-26,"20.3"
"SN",2022-07-27,"20.8"
"SN",2022-07-28,"20.72"
"SN",2022-07-29,"20.350000000000001"
"SN",2022-07-30,"19.64"
"SN",2022-07-31,"20.09"
"SN",2022-08-01,"20.58"
"SN",2022-08-02,"20.64"
"SN",2022-08-03,"21.12"
"SN",2022-08-04,"20.2"
"SN",2022-08-05,"20.47"
"SN",2022-08-06,"20.82"
"SN",2022-08-07,"19.96"
"SN",2022-08-08,"21.37"
"SN",2022-08-09,"20.23"
"SN",2022-08-10,"20.309999999999999"
"SN",2022-08-11,"20.059999999999999"
"SN",2022-08-12,"20.93"
"SN",2022-08-13,"19.46"
"SN",2022-08-14,"19.690000000000001"
"SN",2022-08-15,"20.45"
"SN",2022-08-16,"20.260000000000002"
"SN",2022-08-17,"20.38"
"SN",2022-08-18,"20.61"
"SN",2022-08-19,"20.350000000000001"
"SN",2022-08-20,"19.989999999999998"
"SN",2022-08-21,"19.87"
"SN",2022-08-22,"20.5"
"SN",2022-08-23,"20.239999999999998"
"SN",2022-08-24,"20.38"
"SN",2022-08-25,"20.059999999999999"
"SN",2022-08-26,"19.84"
"SN",2022-08-27,"20.04"
"SN",2022-08-28,"21.66"
"SN",2022-08-29,"20.83"
"SN",2022-08-30,"20.56"
"SN",2022-08-31,"20.54"
"SN",2022-09-01,"20.22"
"SN",2022-09-02,"20.55"
"SN",2022-09-03,"19.100000000000001"
"SN",2022-09-04,"18.420000000000002"
"SN",2022-09-05,"19.850000000000001"
"SN",2022-09-06,"20.36"
"SN",2022-09-07,"20.27"
"SN",2022-09-08,"20.3"
"SN",2022-09-09,"19.91"
"SN",2022-09-10,"19.5"
"SN",2022-09-11,"20.399999999999999"
"SN",2022-09-12,"20.53"
"SN",2022-09-13,"19.95"
"SN",2022-09-14,"19.98"
"SN",2022-09-15,"19.920000000000002"
"SN",2022-09-16,"19.89"
"SN",2022-09-17,"19.77"
"SN",2022-09-18,"19.91"
"SN",2022-09-19,"20.34"
"SN",2022-09-20,"20.25"
"SN",2022-09-21,"20.239999999999998"
"SN",2022-09-22,"19.63"
"SN",2022-09-23,"19.27"
"SN",2022-09-24,"19.18"
"SN",2022-09-25,"19.670000000000002"
"SN",2022-09-26,"19.850000000000001"
"SN",2022-09-27,"19.57"
"SN",2022-09-28,"19.43"
"SN",2022-09-29,"19.420000000000002"
"SN",2022-09-30,"19.53"
"SN",2022-10-01,"19.170000000000002"
"SN",2022-10-02,"19.579999999999998"
"SN",2022-10-03,"19.989999999999998"
"SN",2022-10-04,"19.84"
"SN",2022-10-05,"19.78"
"SN",2022-10-06,"19.7"
"SN",2022-10-07,"19.59"
"SN",2022-10-08,"19.420000000000002"
"SN",2022-10-09,"19.62"
"SN",2022-10-10,"20.02"
"SN",2022-10-11,"19.66"
"SN",2022-10-12,"19.84"
"SN",2022-10-13,"19.52"
"SN",2022-10-14,"19.489999999999998"
"SN",2022-10-15,"19.43"
"SN",2022-10-16,"19.55"
"SN",2022-10-17,"19.760000000000002"
"SN",2022-10-18,"19.55"
"SN",2022-10-19,"19.61"
"SN",2022-10-20,"19.350000000000001"
"SN",2022-10-21,"18.989999999999998"
"SN",2022-10-22,"18.64"
"SN",2022-10-23,"19.07"
"SN",2022-10-24,"19.690000000000001"
"SN",2022-10-25,"19.23"
"SN",2022-10-26,"19.27"
"SN",2022-10-27,"19.14"
"SN",2022-10-28,"19.170000000000002"
"SN",2022-10-29,"19.22"
"SN",2022-10-30,"19.61"
"SN",2022-10-31,"19.260000000000002"
"SN",2022-11-01,"18.760000000000002"
"SN",2022-11-02,"19.82"
"SN",2022-11-03,"19.14"
"SN",2022-11-04,"19.71"
"SN",2022-11-05,"18.920000000000002"
"SN",2022-11-06,"20.14"
"SN",2022-11-07,"19.399999999999999"
"SN",2022-11-08,"18.940000000000001"
"SN",2022-11-09,"19.84"
"SN",2022-11-10,"19.03"
"SN",2022-11-11,"18.82"
"SN",2022-11-12,"18.93"
"SN",2022-11-13,"19.09"
"SV",2022-02-08,"2.53"
"SV",2022-02-10,"2.54"
"SV",2022-02-15,"2.62"
"SV",2022-02-17,"2.59"
"SV",2022-02-24,"2.58"
"SV",2022-03-01,"2.62"
"SV",2022-03-03,"2.55"
"SV",2022-03-08,"2.45"
"SV",2022-03-10,"2.44"
"SV",2022-03-15,"2.72"
"SV",2022-03-17,"2.7"
"SV",2022-03-22,"2.82"
"SV",2022-03-24,"2.65"
"SV",2022-03-29,"2.74"
"SV",2022-03-31,"2.72"
"SV",2022-04-05,"2.81"
"SV",2022-04-07,"2.76"
"SV",2022-04-12,"2.82"
"SV",2022-04-14,"2.79"
"SV",2022-04-19,"2.84"
"SV",2022-04-21,"2.8"
"SV",2022-04-26,"2.81"
"SV",2022-04-28,"2.86"
"SV",2022-05-03,"3.27"
"SV",2022-05-05,"3.18"
"SV",2022-05-10,"3.1"
"SV",2022-05-12,"3.38"
"SV",2022-05-17,"3.35"
"SV",2022-05-19,"3.77"
"SV",2022-05-24,"3.3"
"SV",2022-05-26,"3.28"
"SV",2022-05-31,"3.19"
"SV",2022-06-01,"3.15"
"SV",2022-06-02,"3.03"
"SV",2022-06-02,"3.06"
"SV",2022-06-03,"3.04"
"SV",2022-06-04,"2.92"
"SV",2022-06-05,"2.93"
"SV",2022-06-06,"3.05"
"SV",2022-06-07,"2.95"
"SV",2022-06-07,"2.98"
"SV",2022-06-08,"3"
"SV",2022-06-09,"2.95"
"SV",2022-06-09,"2.99"
"SV",2022-06-10,"2.92"
"SV",2022-06-11,"3.02"
"SV",2022-06-12,"2.89"
"SV",2022-06-13,"3.02"
"SV",2022-06-14,"2.99"
"SV",2022-06-14,"3.02"
"SV",2022-06-15,"2.69"
"SV",2022-06-16,"2.91"
"SV",2022-06-17,"2.95"
"SV",2022-06-18,"2.79"
"SV",2022-06-19,"2.78"
"SV",2022-06-20,"2.92"
"SV",2022-06-21,"2.91"
"SV",2022-06-22,"2.84"
"SV",2022-06-23,"2.81"
"SV",2022-06-24,"2.8"
"SV",2022-06-25,"2.75"
"SV",2022-06-26,"2.64"
"SV",2022-06-27,"2.72"
"SV",2022-06-28,"2.75"
"SV",2022-06-29,"2.75"
"SV",2022-06-30,"2.78"
"SV",2022-07-01,"2.67"
"SV",2022-07-02,"2.5099999999999998"
"SV",2022-07-03,"2.57"
"SV",2022-07-04,"2.62"
"SV",2022-07-05,"2.78"
"SV",2022-07-06,"2.7"
"SV",2022-07-07,"2.76"
"SV",2022-07-08,"2.7"
"SV",2022-07-09,"2.61"
"SV",2022-07-10,"2.63"
"SV",2022-07-11,"2.76"
"SV",2022-07-12,"2.69"
"SV",2022-07-13,"2.71"
"SV",2022-07-14,"2.71"
"SV",2022-07-15,"2.74"
"SV",2022-07-16,"2.65"
"SV",2022-07-17,"2.63"
"SV",2022-07-18,"2.79"
"SV",2022-07-19,"2.72"
"SV",2022-07-20,"2.68"
"SV",2022-07-21,"2.69"
"SV",2022-07-22,"2.68"
"SV",2022-07-23,"2.63"
"SV",2022-07-24,"2.58"
"SV",2022-07-25,"2.64"
"SV",2022-07-26,"2.7"
"SV",2022-07-27,"2.65"
"SV",2022-07-28,"2.62"
"SV",2022-07-29,"2.63"
"SV",2022-07-30,"2.5499999999999998"
"SV",2022-07-31,"2.64"
"SV",2022-08-01,"2.7"
"SV",2022-08-02,"2.72"
"SV",2022-08-03,"2.74"
"SV",2022-08-04,"2.69"
"SV",2022-08-05,"2.7"
"SV",2022-08-06,"2.66"
"SV",2022-08-07,"2.74"
"SV",2022-08-08,"2.84"
"SV",2022-08-09,"2.73"
"SV",2022-08-10,"2.75"
"SV",2022-08-11,"2.74"
"SV",2022-08-12,"2.74"
"SV",2022-08-13,"2.64"
"SV",2022-08-14,"2.65"
"SV",2022-08-15,"2.75"
"SV",2022-08-16,"2.71"
"SV",2022-08-17,"2.64"
"SV",2022-08-18,"2.87"
"SV",2022-08-19,"2.84"
"SV",2022-08-20,"2.67"
"SV",2022-08-21,"2.64"
"SV",2022-08-22,"2.76"
"SV",2022-08-23,"2.66"
"SV",2022-08-24,"2.65"
"SV",2022-08-25,"2.62"
"SV",2022-08-26,"2.63"
"SV",2022-08-27,"2.67"
"SV",2022-08-28,"2.87"
"SV",2022-08-29,"2.97"
"SV",2022-08-30,"2.69"
"SV",2022-08-31,"2.68"
"SV",2022-09-01,"2.81"
"SV",2022-09-02,"2.71"
"SV",2022-09-03,"2.4300000000000002"
"SV",2022-09-04,"2.39"
"SV",2022-09-05,"2.56"
"SV",2022-09-06,"2.65"
"SV",2022-09-07,"2.65"
"SV",2022-09-08,"2.61"
"SV",2022-09-09,"2.6"
"SV",2022-09-10,"2.5099999999999998"
"SV",2022-09-11,"2.54"
"SV",2022-09-12,"2.61"
"SV",2022-09-13,"2.57"
"SV",2022-09-14,"2.5499999999999998"
"SV",2022-09-15,"2.56"
"SV",2022-09-16,"2.61"
"SV",2022-09-17,"2.56"
"SV",2022-09-18,"2.58"
"SV",2022-09-19,"2.61"
"SV",2022-09-20,"2.75"
"SV",2022-09-21,"2.65"
"SV",2022-09-22,"2.61"
"SV",2022-09-23,"2.52"
"SV",2022-09-24,"2.4500000000000002"
"SV",2022-09-25,"2.5099999999999998"
"SV",2022-09-26,"2.54"
"SV",2022-09-27,"2.5299999999999998"
"SV",2022-09-28,"2.59"
"SV",2022-09-29,"2.5099999999999998"
"SV",2022-09-30,"2.52"
"SV",2022-10-01,"2.4500000000000002"
"SV",2022-10-02,"2.5099999999999998"
"SV",2022-10-03,"2.61"
"SV",2022-10-04,"2.5099999999999998"
"SV",2022-10-05,"2.5499999999999998"
"SV",2022-10-06,"2.57"
"SV",2022-10-07,"2.5499999999999998"
"SV",2022-10-08,"2.54"
"SV",2022-10-09,"2.52"
"SV",2022-10-10,"2.64"
"SV",2022-10-11,"2.61"
"SV",2022-10-12,"2.58"
"SV",2022-10-13,"2.5299999999999998"
"SV",2022-10-14,"2.52"
"SV",2022-10-15,"2.4500000000000002"
"SV",2022-10-16,"2.5"
"SV",2022-10-17,"2.5099999999999998"
"SV",2022-10-18,"2.71"
"SV",2022-10-19,"2.5"
"SV",2022-10-20,"2.42"
"SV",2022-10-21,"2.4300000000000002"
"SV",2022-10-22,"2.34"
"SV",2022-10-23,"2.4500000000000002"
"SV",2022-10-24,"2.4500000000000002"
"SV",2022-10-25,"2.37"
"SV",2022-10-26,"2.39"
"SV",2022-10-27,"2.38"
"SV",2022-10-28,"2.38"
"SV",2022-10-29,"2.37"
"SV",2022-10-30,"2.39"
"SV",2022-10-31,"2.4300000000000002"
"SV",2022-11-01,"2.75"
"SV",2022-11-02,"2.48"
"SV",2022-11-03,"2.41"
"SV",2022-11-04,"2.48"
"SV",2022-11-05,"2.34"
"SV",2022-11-06,"2.46"
"SV",2022-11-07,"2.41"
"SV",2022-11-08,"2.41"
"SV",2022-11-09,"2.5499999999999998"
"SV",2022-11-10,"2.4900000000000002"
"SV",2022-11-11,"2.41"
"SV",2022-11-12,"2.4300000000000002"
"SV",2022-11-13,NA
"TC",2022-02-08,"153.43"
"TC",2022-02-10,"151.78"
"TC",2022-02-15,"152.78"
"TC",2022-02-17,"151.59"
"TC",2022-02-22,"150.23"
"TC",2022-02-24,"150.39"
"TC",2022-03-01,"154.86"
"TC",2022-03-03,"150.91"
"TC",2022-03-08,"153.13"
"TC",2022-03-10,"150.03"
"TC",2022-03-15,"165.51"
"TC",2022-03-17,"169.9"
"TC",2022-03-22,"179.44"
"TC",2022-03-24,"165.56"
"TC",2022-03-29,"157.86"
"TC",2022-03-31,"161.99"
"TC",2022-04-05,"169.43"
"TC",2022-04-07,"177.77"
"TC",2022-04-12,"166.8"
"TC",2022-04-14,"173.04"
"TC",2022-04-19,"168.01"
"TC",2022-04-21,"173.17"
"TC",2022-04-26,"173.06"
"TC",2022-04-28,"170.88"
"TC",2022-05-03,"181.69"
"TC",2022-05-05,"178.44"
"TC",2022-05-10,"172.15"
"TC",2022-05-12,"230.39"
"TC",2022-05-17,"182.76"
"TC",2022-05-19,"183.37"
"TC",2022-05-24,"172.69"
"TC",2022-05-26,"175.3"
"TC",2022-05-31,"179.75"
"TC",2022-06-01,"173.44"
"TC",2022-06-02,"171.05"
"TC",2022-06-02,"171.05"
"TC",2022-06-03,"169.09"
"TC",2022-06-04,"162.97"
"TC",2022-06-05,"162.94999999999999"
"TC",2022-06-06,"172.21"
"TC",2022-06-07,"166.56"
"TC",2022-06-07,"166.56"
"TC",2022-06-08,"166.6"
"TC",2022-06-09,"166.66"
"TC",2022-06-09,"166.66"
"TC",2022-06-10,"165.34"
"TC",2022-06-11,"161.97"
"TC",2022-06-12,"160.96"
"TC",2022-06-13,"170.11"
"TC",2022-06-14,"170.64"
"TC",2022-06-14,"170.64"
"TC",2022-06-15,"169.52"
"TC",2022-06-16,"165.71"
"TC",2022-06-16,"165.71"
"TC",2022-06-17,"164.48"
"TC",2022-06-18,"156.86000000000001"
"TC",2022-06-19,"155.74"
"TC",2022-06-20,"169.27"
"TC",2022-06-21,"170.34"
"TC",2022-06-22,"164.18"
"TC",2022-06-23,"163.69999999999999"
"TC",2022-06-24,"165.62"
"TC",2022-06-25,"158.41"
"TC",2022-06-26,"152.46"
"TC",2022-06-27,"159.37"
"TC",2022-06-28,"160.72999999999999"
"TC",2022-06-29,"162.12"
"TC",2022-06-30,"163.16"
"TC",2022-07-01,"159.72999999999999"
"TC",2022-07-02,"147.51"
"TC",2022-07-03,"143.09"
"TC",2022-07-04,"148.78"
"TC",2022-07-05,"158.55000000000001"
"TC",2022-07-06,"159.36000000000001"
"TC",2022-07-07,"161.93"
"TC",2022-07-08,"161.13999999999999"
"TC",2022-07-09,"154.11000000000001"
"TC",2022-07-10,"153.72999999999999"
"TC",2022-07-11,"162.84"
"TC",2022-07-12,"160.58000000000001"
"TC",2022-07-13,"162.03"
"TC",2022-07-14,"159.94"
"TC",2022-07-15,"160.74"
"TC",2022-07-16,"155.1"
"TC",2022-07-17,"152.91"
"TC",2022-07-18,"161.87"
"TC",2022-07-19,"160.87"
"TC",2022-07-20,"157.87"
"TC",2022-07-21,"157.24"
"TC",2022-07-22,"156.27000000000001"
"TC",2022-07-23,"153.81"
"TC",2022-07-24,"151.12"
"TC",2022-07-25,"156.66999999999999"
"TC",2022-07-26,"157.79"
"TC",2022-07-27,"158.19"
"TC",2022-07-28,"156.54"
"TC",2022-07-29,"155.62"
"TC",2022-07-30,"149.58000000000001"
"TC",2022-07-31,"150.63"
"TC",2022-08-01,"157.83000000000001"
"TC",2022-08-02,"158.36000000000001"
"TC",2022-08-03,"159.72999999999999"
"TC",2022-08-04,"156.37"
"TC",2022-08-05,"156.44"
"TC",2022-08-06,"154.82"
"TC",2022-08-07,"149.94"
"TC",2022-08-08,"166.88"
"TC",2022-08-09,"157.55000000000001"
"TC",2022-08-10,"157.69"
"TC",2022-08-11,"156.02000000000001"
"TC",2022-08-12,"169.67"
"TC",2022-08-13,"152.06"
"TC",2022-08-14,"149.04"
"TC",2022-08-15,"158.69"
"TC",2022-08-16,"157.91999999999999"
"TC",2022-08-17,"161.03"
"TC",2022-08-18,"164.7"
"TC",2022-08-19,"167.9"
"TC",2022-08-20,"155.68"
"TC",2022-08-21,"150.75"
"TC",2022-08-22,"157.68"
"TC",2022-08-23,"156.88"
"TC",2022-08-24,"157.80000000000001"
"TC",2022-08-25,"157.82"
"TC",2022-08-26,"157.19999999999999"
"TC",2022-08-27,"155.52000000000001"
"TC",2022-08-28,"166.21"
"TC",2022-08-29,"174.89"
"TC",2022-08-30,"161.54"
"TC",2022-08-31,"160.61000000000001"
"TC",2022-09-01,"162.61000000000001"
"TC",2022-09-02,"160.58000000000001"
"TC",2022-09-03,"149.27000000000001"
"TC",2022-09-04,"144.26"
"TC",2022-09-05,"151.82"
"TC",2022-09-06,"163.63999999999999"
"TC",2022-09-07,"161.94"
"TC",2022-09-08,"161.78"
"TC",2022-09-09,"157.84"
"TC",2022-09-10,"150.51"
"TC",2022-09-11,"152.13999999999999"
"TC",2022-09-12,"159.04"
"TC",2022-09-13,"155.19"
"TC",2022-09-14,"157.33000000000001"
"TC",2022-09-15,"156.72"
"TC",2022-09-16,"156.04"
"TC",2022-09-17,"153.69999999999999"
"TC",2022-09-18,"152.88999999999999"
"TC",2022-09-19,"157.97"
"TC",2022-09-20,"156.72"
"TC",2022-09-21,"156.19"
"TC",2022-09-22,"151.29"
"TC",2022-09-23,"150.22999999999999"
"TC",2022-09-24,"146.84"
"TC",2022-09-25,"148.05000000000001"
"TC",2022-09-26,"154.11000000000001"
"TC",2022-09-27,"152.25"
"TC",2022-09-28,"151.36000000000001"
"TC",2022-09-29,"150.37"
"TC",2022-09-30,"150.88999999999999"
"TC",2022-10-01,"145.6"
"TC",2022-10-02,"146.41999999999999"
"TC",2022-10-03,"153.22"
"TC",2022-10-04,"150.75"
"TC",2022-10-05,"150.94999999999999"
"TC",2022-10-06,"150.26"
"TC",2022-10-07,"148.86000000000001"
"TC",2022-10-08,"144.69"
"TC",2022-10-09,"145.57"
"TC",2022-10-10,"151.72999999999999"
"TC",2022-10-11,"150.82"
"TC",2022-10-12,"148.63"
"TC",2022-10-13,"149.61000000000001"
"TC",2022-10-14,"148.56"
"TC",2022-10-15,"144.09"
"TC",2022-10-16,"144.51"
"TC",2022-10-17,"151.71"
"TC",2022-10-18,"149.68"
"TC",2022-10-19,"148.81"
"TC",2022-10-20,"147.65"
"TC",2022-10-21,"146.91999999999999"
"TC",2022-10-22,"142.22"
"TC",2022-10-23,"144.52000000000001"
"TC",2022-10-24,"153.72"
"TC",2022-10-25,"149.62"
"TC",2022-10-26,"150.77000000000001"
"TC",2022-10-27,"149.32"
"TC",2022-10-28,"149.06"
"TC",2022-10-29,"145.72999999999999"
"TC",2022-10-30,"146.47"
"TC",2022-10-31,"152.30000000000001"
"TC",2022-11-01,"146.63"
"TC",2022-11-02,"148.99"
"TC",2022-11-03,"148.27000000000001"
"TC",2022-11-04,"151.29"
"TC",2022-11-05,"143.38"
"TC",2022-11-06,"144.27000000000001"
"TC",2022-11-07,"149.11000000000001"
"TC",2022-11-08,"146.63999999999999"
"TC",2022-11-09,"152.46"
"TC",2022-11-10,"150.08000000000001"
"TC",2022-11-11,"150.07"
"TC",2022-11-12,"144.99"
"TC",2022-11-13,"146.13"
"TR",2022-02-08,"0.784"
"TR",2022-02-09,"0.793"
"TR",2022-02-15,"1.407"
"TR",2022-02-16,"0.742"
"TR",2022-02-22,"0.783"
"TR",2022-03-01,"0.728"
"TR",2022-03-02,"0.718"
"TR",2022-03-08,"0.736"
"TR",2022-03-09,"0.719"
"TR",2022-03-15,"0.718"
"TR",2022-03-16,"0.732"
"TR",2022-03-22,"1.053"
"TR",2022-03-23,"1.293"
"TR",2022-03-30,"0.924"
"TR",2022-04-05,"0.932"
"TR",2022-04-06,"1.07"
"TR",2022-04-12,"0.883"
"TR",2022-04-13,"1.078"
"TR",2022-04-19,"1.124"
"TR",2022-04-20,"1.342"
"TR",2022-04-26,"3.269"
"TR",2022-04-27,"2.92"
"TR",2022-05-03,"3.423"
"TR",2022-05-04,"1.735"
"TR",2022-05-10,"3.256"
"TR",2022-05-11,"3.801"
"TR",2022-05-17,"2.643"
"TR",2022-05-18,"2.421"
"TR",2022-05-24,"2.168"
"TR",2022-05-25,"2.103"
"TR",2022-05-31,"2.791"
"TR",2022-06-01,"3.02"
"TR",2022-06-07,"1.97"
"TR",2022-06-08,"1.847"
"TR",2022-06-14,"1.782"
"TR",2022-06-15,"1.812"
"TR",2022-06-21,"1.921"
"TR",2022-06-22,"1.482"
"TR",2022-06-29,"1.89"
"TR",2022-07-05,"1.362"
"TR",2022-07-07,"1.796"
"TR",2022-07-12,"1.692"
"TR",2022-07-19,"1.236"
"TR",2022-07-20,"1.183"
"TR",2022-07-26,"1.391"
"TR",2022-08-02,"1.28"
"TR",2022-08-03,"1.228"
"TR",2022-08-09,"1.326"
"TR",2022-08-10,"1.376"
"TR",2022-08-16,"1.241"
"TR",2022-08-17,"1.184"
"TR",2022-08-24,"1.153"
"TR",2022-08-30,"0.924"
"TR",2022-08-31,"1.237"
"TR",2022-09-06,"0.893"
"TR",2022-09-07,"1.235"
"TR",2022-09-13,"1.133"
"TR",2022-09-14,"0.837"
"TR",2022-09-20,"1.243"
"TR",2022-09-21,"1.246"
"TR",2022-09-27,"1.138"
"TR",2022-09-28,"1.226"
"TR",2022-10-04,"1.282"
"TR",2022-10-05,"1.33"
"TR",2022-10-11,"1.32"
"TR",2022-10-18,"1.219"
"TR",2022-10-19,"1.241"
"TR",2022-10-26,"1.219"
"TR",2022-10-27,"1.132"
"WA",2022-02-09,"3.076"
"WA",2022-02-15,"2.996"
"WA",2022-02-16,"3.067"
"WA",2022-02-22,"3.032"
"WA",2022-02-28,"2.88"
"WA",2022-03-08,"3.018"
"WA",2022-03-09,"3.058"
"WA",2022-03-14,"2.879"
"WA",2022-03-16,"3.121"
"WA",2022-03-22,"3"
"WA",2022-03-23,"3.276"
"WA",2022-03-29,"3.31"
"WA",2022-03-30,"3.279"
"WA",2022-04-04,"3.207"
"WA",2022-04-06,"3.391"
"WA",2022-04-11,"3.21"
"WA",2022-04-13,"3.591"
"WA",2022-04-19,"4.124"
"WA",2022-04-20,"4.274"
"WA",2022-04-25,"4.016"
"WA",2022-04-27,"4.119"
"WA",2022-05-02,"4.094"
"WA",2022-05-04,"4.284"
"WA",2022-05-09,"4.133"
"WA",2022-05-11,"4.677"
"WA",2022-05-16,"5.728"
"WA",2022-05-18,"6.416"
"WA",2022-05-23,"6.579"
"WA",2022-05-25,"7.011"
"WA",2022-05-31,"7.059"
"WA",2022-06-01,"7.086"
"WA",2022-06-06,"5.857"
"WA",2022-06-08,"5.75"
"WA",2022-06-20,"4.876"
"WA",2022-06-27,"4.195"
"WA",2022-07-05,"4.122"
"WA",2022-07-18,"3.637"
"WA",2022-07-20,"3.815"
"WA",2022-07-25,"3.469"
"WA",2022-07-27,"3.66"
"WA",2022-08-03,"3.42"
"WA",2022-08-08,"3.692"
"WA",2022-08-10,"3.559"
"WA",2022-08-15,"3.184"
"WA",2022-08-17,"3.428"
"WA",2022-08-22,"3.377"
"WA",2022-08-24,"3.773"
"WA",2022-08-29,"3.788"
"WA",2022-08-31,"3.746"
"WA",2022-09-07,"3.659"
"WA",2022-09-13,"3.685"
"WA",2022-09-14,"3.719"
"WA",2022-09-19,"3.522"
"WA",2022-09-21,"3.905"
"WA",2022-09-27,"3.473"
"WA",2022-09-28,"3.553"
"WA",2022-10-04,"3.451"
"WA",2022-10-05,"3.504"
"WA",2022-10-11,"3.409"
"WA",2022-10-12,"3.449"
"WA",2022-10-17,"3.06"
"WA",2022-10-19,"3.146"
"WA",2022-10-25,"3.338"
"WA",2022-10-26,"3.214"
"WL",2022-02-08,"29.46"
"WL",2022-02-10,"27.82"
"WL",2022-02-15,"29.77"
"WL",2022-02-17,"29.38"
"WL",2022-02-22,"29.94"
"WL",2022-02-24,"29.89"
"WL",2022-03-01,"25.88"
"WL",2022-03-03,"27.21"
"WL",2022-03-08,"30.09"
"WL",2022-03-10,"29.92"
"WL",2022-03-15,"31.36"
"WL",2022-03-17,"39.47"
"WL",2022-03-22,"40.02"
"WL",2022-03-24,"43.23"
"WL",2022-03-29,"34.96"
"WL",2022-03-31,"35.21"
"WL",2022-04-05,"30.76"
"WL",2022-04-07,"59.77"
"WL",2022-04-12,"44.59"
"WL",2022-04-14,"52.26"
"WL",2022-04-19,"45.3"
"WL",2022-04-21,"47.64"
"WL",2022-04-26,"43.47"
"WL",2022-04-28,"39.9"
"WL",2022-05-03,"45.99"
"WL",2022-05-05,"39.78"
"WL",2022-05-10,"43.64"
"WL",2022-05-12,"81.13"
"WL",2022-05-17,"39.98"
"WL",2022-05-19,"39.87"
"WL",2022-05-24,"37.52"
"WL",2022-05-26,"41.14"
"WL",2022-05-31,"47.47"
"WL",2022-06-01,"43.62"
"WL",2022-06-02,"40.71"
"WL",2022-06-03,"38.34"
"WL",2022-06-04,"36.14"
"WL",2022-06-05,"35.21"
"WL",2022-06-06,"34.9"
"WL",2022-06-07,"34.58"
"WL",2022-06-07,"34.58"
"WL",2022-06-08,"33.59"
"WL",2022-06-09,"35.43"
"WL",2022-06-09,"35.43"
"WL",2022-06-10,"36.39"
"WL",2022-06-11,"35.21"
"WL",2022-06-12,"33.64"
"WL",2022-06-13,"36.64"
"WL",2022-06-13,"36.64"
"WL",2022-06-14,"34.46"
"WL",2022-06-15,"33.87"
"WL",2022-06-16,"31.52"
"WL",2022-06-16,"31.52"
"WL",2022-06-17,"32.73"
"WL",2022-06-18,"31.85"
"WL",2022-06-19,"32.25"
"WL",2022-06-20,"32.46"
"WL",2022-06-21,"45.16"
"WL",2022-06-21,"45.16"
"WL",2022-06-22,"36.43"
"WL",2022-06-23,"35.7"
"WL",2022-06-23,"35.7"
"WL",2022-06-24,"33.97"
"WL",2022-06-25,"46.34"
"WL",2022-06-26,"37.82"
"WL",2022-06-27,"35.75"
"WL",2022-06-28,"34.53"
"WL",2022-06-29,"33.94"
"WL",2022-06-30,"32.13"
"WL",2022-07-01,"32.81"
"WL",2022-07-02,"31.92"
"WL",2022-07-03,"31.44"
"WL",2022-07-04,"34.6"
"WL",2022-07-05,"35.02"
"WL",2022-07-06,"34.01"
"WL",2022-07-07,"33.07"
"WL",2022-07-08,"32.8"
"WL",2022-07-09,"31.69"
"WL",2022-07-10,"32.68"
"WL",2022-07-11,"35.21"
"WL",2022-07-12,"34.87"
"WL",2022-07-13,"36.1"
"WL",2022-07-14,"34.49"
"WL",2022-07-15,"33.67"
"WL",2022-07-16,"33.06"
"WL",2022-07-17,"33.18"
"WL",2022-07-18,"33.7"
"WL",2022-07-19,"34.34"
"WL",2022-07-20,"30.3"
"WL",2022-07-21,"32.55"
"WL",2022-07-22,"32.06"
"WL",2022-07-23,"31.38"
"WL",2022-07-24,"31.8"
"WL",2022-07-25,"32.2"
"WL",2022-07-26,"32.79"
"WL",2022-07-27,"32.7"
"WL",2022-07-28,"32.28"
"WL",2022-07-29,"30.74"
"WL",2022-07-30,"31.67"
"WL",2022-07-31,"33.18"
"WL",2022-08-01,"32.51"
"WL",2022-08-02,"33.47"
"WL",2022-08-03,"31.12"
"WL",2022-08-04,"31.53"
"WL",2022-08-05,"32.38"
"WL",2022-08-06,"31.37"
"WL",2022-08-07,"30.24"
"WL",2022-08-08,"31.4"
"WL",2022-08-09,"31.16"
"WL",2022-08-10,"30.77"
"WL",2022-08-11,"30.77"
"WL",2022-08-12,"30.24"
"WL",2022-08-13,"30.08"
"WL",2022-08-14,"30.44"
"WL",2022-08-15,"31.4"
"WL",2022-08-16,"32.12"
"WL",2022-08-17,"36.31"
"WL",2022-08-18,"36.64"
"WL",2022-08-19,"33.98"
"WL",2022-08-20,"33.17"
"WL",2022-08-21,"32.43"
"WL",2022-08-22,"33.08"
"WL",2022-08-23,"33.04"
"WL",2022-08-24,"32.31"
"WL",2022-08-25,"32.24"
"WL",2022-08-26,"32.05"
"WL",2022-08-27,"32.03"
"WL",2022-08-28,"30.95"
"WL",2022-08-29,"32.45"
"WL",2022-08-30,"30.82"
"WL",2022-08-31,"31.59"
"WL",2022-09-01,"31.29"
"WL",2022-09-02,"31.35"
"WL",2022-09-03,"30.28"
"WL",2022-09-04,"29.94"
"WL",2022-09-05,"30.52"
"WL",2022-09-06,"30.37"
"WL",2022-09-07,"31.01"
"WL",2022-09-08,"31.09"
"WL",2022-09-09,"35.76"
"WL",2022-09-10,"32.32"
"WL",2022-09-11,"30.91"
"WL",2022-09-12,"30.61"
"WL",2022-09-13,"30.62"
"WL",2022-09-14,"31.18"
"WL",2022-09-15,"32.32"
"WL",2022-09-16,"35.58"
"WL",2022-09-17,"36.34"
"WL",2022-09-18,"33.94"
"WL",2022-09-19,"32.86"
"WL",2022-09-20,"32.57"
"WL",2022-09-21,"31.4"
"WL",2022-09-22,"31.56"
"WL",2022-09-23,"30.8"
"WL",2022-09-24,"34.69"
"WL",2022-09-25,"32.56"
"WL",2022-09-26,"31.56"
"WL",2022-09-27,"31.11"
"WL",2022-09-28,"31.2"
"WL",2022-09-29,"30.59"
"WL",2022-09-30,"30.46"
"WL",2022-10-01,"30.26"
"WL",2022-10-02,"30.98"
"WL",2022-10-03,"31.51"
"WL",2022-10-04,"29.36"
"WL",2022-10-05,"29.6"
"WL",2022-10-06,"29.37"
"WL",2022-10-07,"29.06"
"WL",2022-10-08,"30.18"
"WL",2022-10-09,"30.74"
"WL",2022-10-10,"28.78"
"WL",2022-10-11,"28.84"
"WL",2022-10-12,"29.98"
"WL",2022-10-13,"29.62"
"WL",2022-10-14,"29.27"
"WL",2022-10-15,"29.54"
"WL",2022-10-16,"29.86"
"WL",2022-10-17,"29.27"
"WL",2022-10-18,"28.8"
"WL",2022-10-19,"27.74"
"WL",2022-10-20,"30.29"
"WL",2022-10-21,"29"
"WL",2022-10-22,"28.51"
"WL",2022-10-23,"28.28"
"WL",2022-10-24,"32.21"
"WL",2022-10-25,"29.71"
"WL",2022-10-26,"31.34"
"WL",2022-10-27,"30.7"
"WL",2022-10-28,"31.02"
"WL",2022-10-29,"30.81"
"WL",2022-10-30,"31.59"
"WL",2022-10-31,"30.8"
"WL",2022-11-01,"30.29"
"WL",2022-11-02,"31.43"
"WL",2022-11-03,"30.58"
"WL",2022-11-04,"31.21"
"WL",2022-11-05,"30.96"
"WL",2022-11-06,"30.84"
"WL",2022-11-07,"30"
"WL",2022-11-08,"30.29"
"WL",2022-11-09,"33.52"
"WL",2022-11-10,"56.41"
"WL",2022-11-11,"44.62"
"WL",2022-11-12,"35.01"
"WL",2022-11-13,"33.42"
"WL",2022-11-14,"33.5"
"WL",2022-11-15,"35.83"
"WL",2022-11-16,"30.71"
"WM",2022-02-14,"1.95"
"WM",2022-02-16,"2.28"
"WM",2022-02-22,"1.98"
"WM",2022-02-23,"2.16"
"WM",2022-02-28,"1.89"
"WM",2022-03-02,"1.373"
"WM",2022-03-07,"1.83"
"WM",2022-03-09,"2.16"
"WM",2022-03-14,"2.09"
"WM",2022-03-16,"2.94"
"WM",2022-03-21,"2.28"
"WM",2022-03-23,"3.4"
"WM",2022-03-28,"2.2"
"WM",2022-03-30,"2.48"
"WM",2022-04-04,"2.24"
"WM",2022-04-06,"3.04"
"WM",2022-04-11,"2.62"
"WM",2022-04-13,"3.01"
"WM",2022-04-18,"2.44"
"WM",2022-04-20,"2.95"
"WM",2022-04-25,"2.55"
"WM",2022-04-27,"2.9"
"WM",2022-05-02,"2.8"
"WM",2022-05-09,"2.86"
"WM",2022-05-11,"3.49"
"WM",2022-05-16,"5.1"
"WM",2022-05-18,"4.39"
"WM",2022-05-23,"3.29"
"WM",2022-05-25,"3.55"
"WM",2022-05-31,"3.91"
"WM",2022-06-01,"4.04"
"WM",2022-06-06,"2.84"
"WM",2022-06-08,"3.41"
"WM",2022-06-13,"2.49"
"WM",2022-06-15,"3.04"
"WM",2022-06-20,"2.4"
"WM",2022-06-22,"2.8"
"WM",2022-06-27,"2.2"
"WM",2022-06-29,"2.7"
"WM",2022-07-05,"2.86"
"WM",2022-07-06,"2"
"WM",2022-07-11,"2.15"
"WM",2022-07-13,"2.47"
"WM",2022-07-18,"2.11"
"WM",2022-07-20,"2.61"
"WM",2022-07-25,"1.99"
"WM",2022-07-27,"2.53"
"WM",2022-08-01,"2.08"
"WM",2022-08-02,"2.47"
"WM",2022-08-08,"2.87"
"WM",2022-08-10,"2.88"
"WM",2022-08-15,"2.1"
"WM",2022-08-17,"2.55"
"WM",2022-08-22,"2.33"
"WM",2022-08-24,"2.66"
"WM",2022-08-29,"2.19"
"WM",2022-08-31,"2.56"
"WM",2022-09-06,"2.09"
"WM",2022-09-07,"2.38"
"WM",2022-09-12,"1.99"
"WM",2022-09-14,"2.43"
"WM",2022-09-19,"1.96"
"WM",2022-09-21,"2.52"
"WM",2022-09-26,"1.98"
"WM",2022-09-28,"2.4"
"WM",2022-10-03,"1.95"
"WM",2022-10-05,"2.31"
"WM",2022-10-10,"1.89"
"WM",2022-10-12,"2.35"
"WM",2022-10-17,"1.87"
"WM",2022-10-19,"2.25"
"WM",2022-10-24,"1.88"
"WM",2022-10-26,"2.18"
"WT",2022-02-09,"1.4"
"WT",2022-02-14,"1.41"
"WT",2022-02-16,"1.5"
"WT",2022-02-21,"1.3"
"WT",2022-02-23,"1.375"
"WT",2022-02-28,"1.46"
"WT",2022-03-02,"1.85"
"WT",2022-03-07,"1.4"
"WT",2022-03-09,"1.4"
"WT",2022-03-14,"1.49"
"WT",2022-03-16,"1.62"
"WT",2022-03-21,"1.6"
"WT",2022-03-23,"2.29"
"WT",2022-03-28,"1.66"
"WT",2022-03-30,"2.08"
"WT",2022-04-04,"1.75"
"WT",2022-04-06,"1.8"
"WT",2022-04-11,"1.7"
"WT",2022-04-13,"1.85"
"WT",2022-04-18,"1.67"
"WT",2022-04-20,"1.83"
"WT",2022-04-25,"1.78"
"WT",2022-04-27,"1.86"
"WT",2022-05-02,"2.9"
"WT",2022-05-04,"2.4"
"WT",2022-05-09,"2.2"
"WT",2022-05-11,"2.17"
"WT",2022-05-16,"2.64"
"WT",2022-05-18,"2.45"
"WT",2022-05-23,"2.02"
"WT",2022-05-25,"1.9"
"WT",2022-05-31,"3.25"
"WT",2022-06-01,"3"
"WT",2022-06-06,"3"
"WT",2022-06-08,"2.9"
"WT",2022-06-13,"2.23"
"WT",2022-06-15,"3.279"
"WT",2022-06-20,"2"
"WT",2022-06-22,"2.029"
"WT",2022-06-27,"1.5"
"WT",2022-06-29,"1.6"
"WT",2022-07-05,"1.5"
"WT",2022-07-06,"2.1"
"WT",2022-07-11,"2.43"
"WT",2022-07-13,"2.25"
"WT",2022-07-18,"1.7"
"WT",2022-07-20,"1.6"
"WT",2022-07-25,"1.3"
"WT",2022-07-27,"1.4"
"WT",2022-08-01,"1.389"
"WT",2022-08-03,"1.58"
"WT",2022-08-08,"1.76"
"WT",2022-08-10,"1.67"
"WT",2022-08-15,"1.42"
"WT",2022-08-17,"1.4"
"WT",2022-08-22,"1.4"
"WT",2022-08-24,"1.5"
"WT",2022-08-29,"1.47"
"WT",2022-08-31,"1.54"
"WT",2022-09-06,"1.38"
"WT",2022-09-07,"1.53"
"WT",2022-09-12,"1.36"
"WT",2022-09-14,"1.6"
"WT",2022-09-19,"1.48"
"WT",2022-09-21,"1.6"
"WT",2022-09-26,"1.321"
"WT",2022-09-28,"1.368"
"WT",2022-10-03,"1.29"
"WT",2022-10-05,"1.47"
"WT",2022-10-10,"1.3"
"WT",2022-10-12,"1.3"
"WT",2022-10-17,"1.25"
"WT",2022-10-19,"1.39"
"WT",2022-10-24,"1.292"
"WT",2022-10-26,"1.407"
